Label;Location;Site;Plot_replicate;Meshbag_replicate;Treatment;ITEX;NPKD;Hyphal_length_uns;Hyphal_length_sept;Total_hyphal_length
15-ch-cont-12-2;Davos;Bru1;1;A;Control;YES;NO;401,92;118,21;520,13
15-ch-cont-12-2;Davos;Bru1;1;B;Control;YES;NO;380,32;184,16;564,48
15-ch-cont-21-1;Davos;Bru1;1;A;Control;YES;NO;1138,3;109,15;1247,46
15-ch-cont-21-1;Davos;Bru1;1;B;Control;YES;NO;1844,35;45,63;1889,98
15-ch-cont-21-2;Davos;Bru1;2;A;Control;YES;NO;1571,08;66,27;1637,36
15-ch-cont-21-2;Davos;Bru1;2;B;Control;YES;NO;977,46;106,42;1083,87
15-ch-cont-7-1;Davos;Bru1;1;A;Control;YES;NO;569,26;58,49;627,75
15-ch-cont-7-1;Davos;Bru1;1;B;Control;YES;NO;328,52;149,33;477,84
15-ch-OTC-12-1;Davos;Bru1;1;A;OTC;YES;NO;1363,83;67,07;1430,9
15-ch-OTC-12-1;Davos;Bru1;1;B;OTC;YES;NO;1475,18;7,51;1482,69
15-ch-OTC-12-2;Davos;Bru1;2;A;OTC;YES;NO;1079,16;89,93;1169,09
15-ch-OTC-12-2;Davos;Bru1;2;B;OTC;YES;NO;2064,64;131,15;2195,79
15-ch-OTC-21-2;Davos;Bru1;1;A;OTC;YES;NO;2598,21;39,17;2637,38
15-ch-OTC-21-2;Davos;Bru1;1;A;OTC;YES;NO;2728,51;146,09;2874,61
15-ch-OTC-7-1;Davos;Bru1;1;A;OTC;YES;NO;1305,69;63,12;1368,81
15-ch-OTC-7-1;Davos;Bru1;1;B;OTC;YES;NO;1339,91;34,07;1373,98
15-ch-OTC-7-2;Davos;Bru1;2;A;OTC;YES;NO;475,7;148,42;624,12
15-ch-OTC-7-2;Davos;Bru1;2;B;OTC;YES;NO;256,17;71,58;327,75
20-ch-cont-15-1;Davos;Cla1;1;A;Control;YES;NO;994,37;99,81;1094,18
20-ch-cont-15-1;Davos;Cla1;1;B;Control;YES;NO;790,17;85,32;875,5
20-ch-cont-15-2;Davos;Cla1;2;A;Control;YES;NO;725,62;406,5;1132,12
20-ch-cont-15-2;Davos;Cla1;2;B;Control;YES;NO;1101,64;43,49;1145,12
20-ch-cont-20-1;Davos;Cla1;1;A;Control;YES;NO;1881,26;106,35;1987,61
20-ch-cont-20-1;Davos;Cla1;1;B;Control;YES;NO;916,25;95,44;1011,69
20-ch-cont-20-2;Davos;Cla1;2;A;Control;YES;NO;1037,65;711,32;1748,98
20-ch-cont-20-2;Davos;Cla1;2;B;Control;YES;NO;520,66;3930,61;4451,27
20-ch-cont-6-2;Davos;Cla1;2;A;Control;YES;NO;2457,8;15,24;2473,05
20-ch-cont-6-2;Davos;Cla1;2;B;Control;YES;NO;1572,27;10,82;1583,08
20-ch-OTC-15-1;Davos;Cla1;1;A;OTC;YES;NO;1038,05;193,29;1231,34
20-ch-OTC-15-1;Davos;Cla1;1;B;OTC;YES;NO;786,21;485,27;1271,47
20-ch-OTC-15-2;Davos;Cla1;2;A;OTC;YES;NO;1907,51;523,23;2430,74
20-ch-OTC-15-2;Davos;Cla1;2;B;OTC;YES;NO;12139,92;126,08;12266
20-ch-OTC-20-1;Davos;Cla1;1;A;OTC;YES;NO;1220,47;88,23;1308,69
20-ch-OTC-20-1;Davos;Cla1;1;B;OTC;YES;NO;1499,23;167,77;1667
20-ch-OTC-20-2;Davos;Cla1;2;A;OTC;YES;NO;783,56;435,31;1218,86
20-ch-OTC-20-2;Davos;Cla1;2;B;OTC;YES;NO;1163,29;85,31;1248,59
20-ch-OTC-6-1;Davos;Cla1;1;A;OTC;YES;NO;821,69;100,3;922
20-ch-OTC-6-1;Davos;Cla1;1;B;OTC;YES;NO;562,28;395,41;957,69
20-ch-OTC-6-2;Davos;Cla1;2;A;OTC;YES;NO;636,78;246,03;882,81
20-ch-OTC-6-2;Davos;Cla1;2;B;OTC;YES;NO;694,69;243,69;938,38
25-ch-cont-14-1;Davos;Jat1;1;A;Control;YES;NO;1608,88;345,03;1953,9
25-ch-cont-14-1;Davos;Jat1;1;B;Control;YES;NO;2094,66;418,19;2512,86
25-ch-cont-14-2;Davos;Jat1;2;A;Control;YES;NO;408,75;1499,93;1908,68
25-ch-cont-14-2;Davos;Jat1;2;B;Control;YES;NO;271,79;2084,94;2356,74
25-ch-cont-19-1;Davos;Jat1;1;A;Control;YES;NO;2830,07;907,38;3737,45
25-ch-cont-19-1;Davos;Jat1;1;B;Control;YES;NO;1082,88;355,51;1438,39
25-ch-cont-19-2;Davos;Jat1;2;A;Control;YES;NO;1885,51;1239,16;3124,67
25-ch-cont-19-2;Davos;Jat1;2;B;Control;YES;NO;1124,98;1102,56;2227,54
25-ch-cont-6-1;Davos;Jat1;1;A;Control;YES;NO;2630,51;243,7;2874,2
25-ch-cont-6-1;Davos;Jat1;1;B;Control;YES;NO;2130,36;189,94;2320,3
25-ch-cont-6-2;Davos;Jat1;2;A;Control;YES;NO;1508,42;461,12;1969,55
25-ch-cont-6-2;Davos;Jat1;2;B;Control;YES;NO;958,95;903,48;1862,43
25-ch-OTC-14-1;Davos;Jat1;1;A;OTC;YES;NO;811,94;3647,75;4459,69
25-ch-OTC-14-1;Davos;Jat1;1;B;OTC;YES;NO;3700,93;438,32;4139,24
25-ch-OTC-14-2;Davos;Jat1;2;A;OTC;YES;NO;587,9;448,94;1036,84
25-ch-OTC-14-2;Davos;Jat1;2;B;OTC;YES;NO;651,64;362,02;1013,66
25-ch-OTC-19-1;Davos;Jat1;1;A;OTC;YES;NO;393,65;1563,86;1957,5
25-ch-OTC-19-1;Davos;Jat1;1;B;OTC;YES;NO;799,22;757,75;1556,98
25-ch-OTC-6-1;Davos;Jat1;1;A;OTC;YES;NO;39021,13;58,54;39079,67
25-ch-OTC-6-1;Davos;Jat1;1;B;OTC;YES;NO;26087,6;7,97;26095,57
25-ch-OTC-6-2;Davos;Jat1;2;A;OTC;YES;NO;1476,65;463,42;1940,06
25-ch-OTC-6-2;Davos;Jat1;2;B;OTC;YES;NO;2724,31;189,62;2913,93
Ad-ad-cont-1-1;Andorra;And1;1;A;Control;YES;NO;752,36;454,47;1206,84
Ad-ad-cont-1-1;Andorra;And1;1;B;Control;YES;NO;278,29;466,33;744,62
Ad-ad-cont-2-2;Andorra;And1;2;A;Control;YES;NO;729,41;270,29;999,7
Ad-ad-cont-2-2;Andorra;And1;2;B;Control;YES;NO;485,66;300,65;786,31
Ad-ad-cont-3-1;Andorra;And1;1;A;Control;YES;NO;657,7;682,86;1340,55
Ad-ad-cont-3-1;Andorra;And1;1;B;Control;YES;NO;652,48;641,54;1294,02
Ad-ad-cont-3-2;Andorra;And1;2;A;Control;YES;NO;189,75;286,56;476,31
Ad-ad-cont-3-2;Andorra;And1;2;B;Control;YES;NO;555,78;450,84;1006,61
Ad-ad-cont-4-1;Andorra;And1;1;A;Control;YES;NO;415,21;256,67;671,88
Ad-ad-cont-4-1;Andorra;And1;1;B;Control;YES;NO;201,7;205,58;407,28
Ad-ad-OTC-1-1;Andorra;And1;1;A;OTC;YES;NO;1537,17;1657,57;3194,74
Ad-ad-OTC-1-1;Andorra;And1;1;B;OTC;YES;NO;1256,65;840,48;2097,13
Ad-ad-OTC-1-2;Andorra;And1;2;A;OTC;YES;NO;350,12;1408,1;1758,22
Ad-ad-OTC-1-2;Andorra;And1;2;B;OTC;YES;NO;37,85;2157,57;2195,42
Ad-ad-OTC-2-1;Andorra;And1;1;A;OTC;YES;NO;406,44;1196,3;1602,74
Ad-ad-OTC-2-1;Andorra;And1;1;B;OTC;YES;NO;198,66;846,15;1044,81
Ad-ad-OTC-3-1;Andorra;And1;1;A;OTC;YES;NO;44,73;216,18;260,91
Ad-ad-OTC-3-1;Andorra;And1;1;B;OTC;YES;NO;129,31;221,67;350,98
Ad-ad-OTC-3-2;Andorra;And1;2;A;OTC;YES;NO;589,88;495,95;1085,82
Ad-ad-OTC-3-2;Andorra;And1;2;B;OTC;YES;NO;595,79;490,87;1086,66
Ad-ad-OTC-4-1;Andorra;And1;1;A;OTC;YES;NO;449,35;1568,64;2017,99
Ad-ad-OTC-4-1;Andorra;And1;1;B;OTC;YES;NO;770,35;1647,92;2418,28
Ad-ad-OTC-4-2;Andorra;And1;2;A;OTC;YES;NO;432,75;1144,23;1576,99
Ad-ad-OTC-4-2;Andorra;And1;2;B;OTC;YES;NO;770,47;243,11;1013,58
Aw-us-cont-1;Atqasuk;Atq1;1;A;Control;YES;NO;132,61;68,32;200,93
Aw-us-cont-1;Atqasuk;Atq1;1;B;Control;YES;NO;0;0;0
Aw-us-cont-13;Atqasuk;Atq1;1;A;Control;YES;NO;36,9;69,71;106,61
Aw-us-cont-13;Atqasuk;Atq1;1;B;Control;YES;NO;13,92;37,12;51,05
Aw-us-cont-17;Atqasuk;Atq1;1;A;Control;YES;NO;87,67;87,67;175,34
Aw-us-cont-17;Atqasuk;Atq1;1;B;Control;YES;NO;98,28;40,04;138,32
Aw-us-cont-9;Atqasuk;Atq1;1;A;Control;YES;NO;81,56;19,42;100,97
Aw-us-cont-9;Atqasuk;Atq1;1;B;Control;YES;NO;14,76;29,51;44,27
Aw-us-OTC-1;Atqasuk;Atq1;1;A;OTC;YES;NO;186,83;171,58;358,4
Aw-us-OTC-1;Atqasuk;Atq1;1;B;OTC;YES;NO;155,81;159,7;315,51
Aw-us-OTC-15;Atqasuk;Atq1;1;A;OTC;YES;NO;114,17;81,02;195,19
Aw-us-OTC-15;Atqasuk;Atq1;1;B;OTC;YES;NO;62,7;176,36;239,06
Aw-us-OTC-5;Atqasuk;Atq1;1;A;OTC;YES;NO;43,65;65,47;109,12
Aw-us-OTC-5;Atqasuk;Atq1;1;B;OTC;YES;NO;0;29,58;29,58
Aw-us-OTC-9;Atqasuk;Atq1;1;A;OTC;YES;NO;82,83;64,01;146,84
Aw-us-OTC-9;Atqasuk;Atq1;1;B;OTC;YES;NO;78,92;60,13;139,05
Fi-no-cont-10D;Finse;Fins1;1;A;Control;YES;NO;988,07;43,2;1031,27
Fi-no-cont-10D;Finse;Fins1;1;B;Control;YES;NO;613,2;8,23;621,43
Fi-no-cont-1A;Finse;Fins1;1;A;Control;YES;NO;356,65;503,96;860,61
Fi-no-cont-1A;Finse;Fins1;1;B;Control;YES;NO;917,69;149,83;1067,51
Fi-no-cont-2A;Finse;Fins1;1;A;Control;YES;NO;332,38;414,39;746,77
Fi-no-cont-2A;Finse;Fins1;1;B;Control;YES;NO;75,28;392,26;467,54
Fi-no-cont-3D;Finse;Fins1;1;A;Control;YES;NO;772,97;729,59;1502,56
Fi-no-cont-3D;Finse;Fins1;1;B;Control;YES;NO;522,06;567,63;1089,69
Fi-no-cont-5D;Finse;Fins1;1;A;Control;YES;NO;412,29;56,4;468,69
Fi-no-cont-5D;Finse;Fins1;1;B;Control;YES;NO;271,27;336,23;607,5
Fi-no-cont-6A;Finse;Fins1;1;A;Control;YES;NO;1100,27;220,05;1320,32
Fi-no-cont-6A;Finse;Fins1;1;B;Control;YES;NO;1919,71;672,85;2592,56
Fi-no-OTC-10C;Finse;Fins1;1;A;OTC;YES;NO;160,66;7432,46;7593,12
Fi-no-OTC-10C;Finse;Fins1;1;B;OTC;YES;NO;172,14;5561,91;5734,05
Fi-no-OTC-2D;Finse;Fins1;1;A;OTC;YES;NO;409,75;1064,51;1474,27
Fi-no-OTC-2D;Finse;Fins1;1;B;OTC;YES;NO;173,94;395,71;569,65
Fi-no-OTC-3A;Finse;Fins1;1;A;OTC;YES;NO;779,45;431,75;1211,2
Fi-no-OTC-3A;Finse;Fins1;1;B;OTC;YES;NO;678,27;1360,42;2038,69
Fi-no-OTC-4B;Finse;Fins1;1;A;OTC;YES;NO;652,83;883,96;1536,78
Fi-no-OTC-4B;Finse;Fins1;1;B;OTC;YES;NO;983,87;436,85;1420,72
Fi-no-OTC-5B;Finse;Fins1;1;A;OTC;YES;NO;664,58;2621,84;3286,42
Fi-no-OTC-5B;Finse;Fins1;1;B;OTC;YES;NO;249,28;686,48;935,76
Fn-pa-no-cont-1P;Finnmark;Finn1;1;A;Control;YES;NO;773,05;15,78;788,83
Fn-pa-no-cont-1P;Finnmark;Finn1;1;B;Control;YES;NO;242,65;82,19;324,84
Fn-pa-no-cont-3P;Finnmark;Finn1;1;A;Control;YES;NO;128,9;49,58;178,48
Fn-pa-no-cont-3P;Finnmark;Finn1;1;B;Control;YES;NO;204,01;52,46;256,47
Fn-pa-no-cont-4P;Finnmark;Finn1;1;A;Control;YES;NO;81,49;300,73;382,22
Fn-pa-no-cont-4P;Finnmark;Finn1;1;B;Control;YES;NO;217,54;433,08;650,63
Fn-pa-no-cont-BP;Finnmark;Finn1;1;A;Control;YES;NO;781,2;316,76;1097,96
Fn-pa-no-cont-BP;Finnmark;Finn1;1;B;Control;YES;NO;417,76;307,29;725,05
Fn-pa-no-OTC-3P;Finnmark;Finn1;1;A;OTC;YES;NO;235,11;338,34;573,45
Fn-pa-no-OTC-3P;Finnmark;Finn1;1;B;OTC;YES;NO;82,52;159,14;241,66
Fn-pa-no-OTC-4P;Finnmark;Finn1;1;A;OTC;YES;NO;140,89;534,99;675,89
Fn-pa-no-OTC-4P;Finnmark;Finn1;1;B;OTC;YES;NO;331,06;128,41;459,47
Fn-pa-no-OTC-BP;Finnmark;Finn1;1;A;OTC;YES;NO;45,5;253,24;298,74
Fn-pa-no-OTC-BP;Finnmark;Finn1;1;B;OTC;YES;NO;140,93;133,1;274,04
Fn-th-no-cont-4M;Finnmark;Finn2;1;A;Control;YES;NO;103,73;78,76;182,48
Fn-th-no-cont-4M;Finnmark;Finn2;1;B;Control;YES;NO;60,61;31,28;91,89
Fn-th-no-cont-BM;Finnmark;Finn2;1;A;Control;YES;NO;839,79;107,92;947,71
Fn-th-no-cont-BM;Finnmark;Finn2;1;B;Control;YES;NO;96,32;0;96,32
Fn-th-no-OTC-3M;Finnmark;Finn2;1;A;OTC;YES;NO;0;0;0
Fn-th-no-OTC-3M;Finnmark;Finn2;1;B;OTC;YES;NO;76,97;17,76;94,73
Fn-th-no-OTC-4M;Finnmark;Finn2;1;A;OTC;YES;NO;210,59;57,07;267,66
Fn-th-no-OTC-4M;Finnmark;Finn2;1;B;OTC;YES;NO;40,44;34,66;75,11
Fn-th-no-OTC-BM;Finnmark;Finn2;1;A;OTC;YES;NO;428,24;24,52;452,76
Fn-th-no-OTC-BM;Finnmark;Finn2;1;B;OTC;YES;NO;526,62;47,87;574,5
Ki-fi-cont-1;Kilpisjärvi;Kil1;1;A;Control;YES;NO;35,85;88,67;124,52
Ki-fi-cont-1;Kilpisjärvi;Kil1;1;B;Control;YES;NO;100,73;130,36;231,09
Ki-fi-cont-2;Kilpisjärvi;Kil1;1;A;Control;YES;NO;0;5,83;5,83
Ki-fi-cont-2;Kilpisjärvi;Kil1;1;B;Control;YES;NO;19,39;38,78;58,17
Ki-fi-cont-3;Kilpisjärvi;Kil1;1;A;Control;YES;NO;18,52;45,27;63,79
Ki-fi-cont-3;Kilpisjärvi;Kil1;1;B;Control;YES;NO;107,52;251,51;359,03
Ki-fi-cont-4;Kilpisjärvi;Kil1;1;A;Control;YES;NO;5,99;19,97;25,95
Ki-fi-cont-4;Kilpisjärvi;Kil1;1;B;Control;YES;NO;25,89;43,14;69,03
Ki-fi-cont-5;Kilpisjärvi;Kil1;1;A;Control;YES;NO;43,66;152,83;196,49
Ki-fi-cont-5;Kilpisjärvi;Kil1;1;B;Control;YES;NO;0;85,79;85,79
Ki-fi-OTC-1;Kilpisjärvi;Kil1;1;A;OTC;YES;NO;0;191,33;191,33
Ki-fi-OTC-1;Kilpisjärvi;Kil1;1;B;OTC;YES;NO;0;232,42;232,42
Ki-fi-OTC-2;Kilpisjärvi;Kil1;1;A;OTC;YES;NO;265,74;171,83;437,57
Ki-fi-OTC-2;Kilpisjärvi;Kil1;1;B;OTC;YES;NO;532,33;188;720,32
Ki-fi-OTC-3;Kilpisjärvi;Kil1;1;A;OTC;YES;NO;221,86;64,22;286,08
Ki-fi-OTC-3;Kilpisjärvi;Kil1;1;B;OTC;YES;NO;184,32;19,61;203,93
Ki-fi-OTC-4;Kilpisjärvi;Kil1;1;A;OTC;YES;NO;145,32;104,71;250,03
Ki-fi-OTC-4;Kilpisjärvi;Kil1;1;B;OTC;YES;NO;218,2;164,17;382,37
Ki-fi-OTC-5;Kilpisjärvi;Kil1;1;A;OTC;YES;NO;98,03;131,41;229,44
Ki-fi-OTC-5;Kilpisjärvi;Kil1;1;B;OTC;YES;NO;133,78;39,11;172,89
Ko-gl-cont-2;Kobbefjord;Kob1;1;A;Control;YES;NO;252,08;807,39;1059,48
Ko-gl-cont-2;Kobbefjord;Kob1;1;B;Control;YES;NO;183,66;393,04;576,7
Ko-gl-cont-3;Kobbefjord;Kob1;1;A;Control;YES;NO;648,33;766,56;1414,89
Ko-gl-cont-3;Kobbefjord;Kob1;1;B;Control;YES;NO;472,71;532,27;1004,98
Ko-gl-cont-4;Kobbefjord;Kob1;1;A;Control;YES;NO;327,86;469,44;797,3
Ko-gl-cont-4;Kobbefjord;Kob1;1;B;Control;YES;NO;359,59;194,78;554,36
Ko-gl-cont-5;Kobbefjord;Kob1;1;A;Control;YES;NO;261,43;173;434,43
Ko-gl-cont-5;Kobbefjord;Kob1;1;B;Control;YES;NO;149,8;88,34;238,14
Ko-gl-cont-6;Kobbefjord;Kob1;1;A;Control;YES;NO;167,17;301,64;468,81
Ko-gl-cont-6;Kobbefjord;Kob1;1;B;Control;YES;NO;135,14;82,59;217,73
Ko-gl-OTC-2;Kobbefjord;Kob1;1;A;OTC;YES;NO;113,26;314,21;427,47
Ko-gl-OTC-2;Kobbefjord;Kob1;1;B;OTC;YES;NO;302,83;498,57;801,4
Ko-gl-OTC-3;Kobbefjord;Kob1;1;A;OTC;YES;NO;433,91;930,87;1364,78
Ko-gl-OTC-3;Kobbefjord;Kob1;1;B;OTC;YES;NO;219,4;1294,08;1513,48
Ko-gl-OTC-4;Kobbefjord;Kob1;1;A;OTC;YES;NO;238,26;599,37;837,63
Ko-gl-OTC-4;Kobbefjord;Kob1;1;B;OTC;YES;NO;795,5;87,98;883,48
Ko-gl-OTC-5;Kobbefjord;Kob1;1;A;OTC;YES;NO;99,81;125,68;225,49
Ko-gl-OTC-5;Kobbefjord;Kob1;1;B;OTC;YES;NO;44,4;111;155,4
Nr-us-18-XXW;Niwotridge;Niw1;1;A;OTC;YES;NO;500,93;100,19;601,12
Nr-us-18-XXW;Niwotridge;Niw1;1;B;OTC;YES;NO;448,86;124,9;573,76
Nr-us-21-XXW;Niwotridge;Niw1;1;A;OTC;YES;NO;1251,68;24,07;1275,75
Nr-us-21-XXW;Niwotridge;Niw1;1;B;OTC;YES;NO;2905,97;98,04;3004,01
Nr-us-22-XXX;Niwotridge;Niw1;1;A;Control;YES;YES;1390,34;197,51;1587,86
Nr-us-22-XXX;Niwotridge;Niw1;1;B;Control;YES;YES;1301,41;214,48;1515,89
Nr-us-24-XXX;Niwotridge;Niw1;1;A;Control;YES;YES;982,08;179,65;1161,73
Nr-us-24-XXX;Niwotridge;Niw1;1;B;Control;YES;YES;338,09;105,18;443,27
Nr-us-33-XXX;Niwotridge;Niw1;1;A;Control;YES;YES;1783,95;140,84;1924,79
Nr-us-33-XXX;Niwotridge;Niw1;1;B;Control;YES;YES;1509,11;38,21;1547,32
Nr-us-38-XXW;Niwotridge;Niw1;1;A;OTC;YES;NO;698,63;181,27;879,9
Nr-us-38-XXW;Niwotridge;Niw1;1;B;OTC;YES;NO;448,48;448,48;896,96
Nr-us-6-XXX;Niwotridge;Niw1;1;A;Control;YES;YES;604,76;145,45;750,21
Nr-us-6-XXX;Niwotridge;Niw1;1;B;Control;YES;YES;390,57;61,87;452,44
Pc-fr-cont-1-1;PasdelaCasa;Pdc1;1;A;Control;YES;NO;2071,99;123,76;2195,75
Pc-fr-cont-1-1;PasdelaCasa;Pdc1;1;B;Control;YES;NO;1746,97;163,53;1910,5
Pc-fr-cont-3-2;PasdelaCasa;Pdc1;2;A;Control;YES;NO;642,39;172,07;814,46
Pc-fr-cont-3-2;PasdelaCasa;Pdc1;2;B;Control;YES;NO;254,81;137,2;392,01
Pc-fr-cont-4-1;PasdelaCasa;Pdc1;1;A;Control;YES;NO;3615,4;1026,15;4641,55
Pc-fr-cont-4-1;PasdelaCasa;Pdc1;1;B;Control;YES;NO;1494,71;280,26;1774,97
Pc-fr-cont-4-2;PasdelaCasa;Pdc1;2;A;Control;YES;NO;224,93;6541,76;6766,7
Pc-fr-cont-4-2;PasdelaCasa;Pdc1;2;B;Control;YES;NO;5656,64;1665,27;7321,91
Pc-fr-OTC-1-1;PasdelaCasa;Pdc1;1;A;OTC;YES;NO;4340,54;246,58;4587,11
Pc-fr-OTC-1-1;PasdelaCasa;Pdc1;1;B;OTC;YES;NO;1202,21;1698,17;2900,38
Pc-fr-OTC-2-1;PasdelaCasa;Pdc1;1;A;OTC;YES;NO;214,59;111,27;325,87
Pc-fr-OTC-2-1;PasdelaCasa;Pdc1;1;B;OTC;YES;NO;204,3;3,85;208,15
Pc-fr-OTC-3-2;PasdelaCasa;Pdc1;2;A;OTC;YES;NO;1583,65;281,71;1865,36
Pc-fr-OTC-3-2;PasdelaCasa;Pdc1;2;B;OTC;YES;NO;1078,83;188,61;1267,43
Pc-fr-OTC-4-2;PasdelaCasa;Pdc1;2;A;OTC;YES;NO;138,53;956,27;1094,8
Pc-fr-OTC-4-2;PasdelaCasa;Pdc1;2;B;OTC;YES;NO;1280,57;1806,99;3087,56
Pg-it-cont-B1;PassoGavia;Pga1;1;A;Control;YES;YES;1685,18;258,06;1943,24
Pg-it-cont-B1;PassoGavia;Pga1;1;B;Control;YES;YES;1043,17;888,21;1931,38
Pg-it-cont-B2-1;PassoGavia;Pga1;1;A;Control;YES;YES;3086,95;1421,28;4508,23
Pg-it-cont-B2-1;PassoGavia;Pga1;1;B;Control;YES;YES;1730,76;501,11;2231,87
Pg-it-cont-B2-2;PassoGavia;Pga1;2;A;Control;YES;YES;1862,66;793,36;2656,02
Pg-it-cont-B2-2;PassoGavia;Pga1;2;B;Control;YES;YES;776,77;87,19;863,95
Pg-it-cont-B3;PassoGavia;Pga1;1;A;Control;YES;YES;817,87;160,44;978,31
Pg-it-cont-B3;PassoGavia;Pga1;1;B;Control;YES;YES;544,54;74,59;619,13
Pg-it-cont-B4-1;PassoGavia;Pga1;1;A;Control;YES;YES;1299,01;464,2;1763,21
Pg-it-cont-B4-1;PassoGavia;Pga1;1;B;Control;YES;YES;947,71;315,9;1263,61
Pg-it-cont-B4-2;PassoGavia;Pga1;2;A;Control;YES;YES;1005,17;438,62;1443,79
Pg-it-cont-B4-2;PassoGavia;Pga1;2;B;Control;YES;YES;648,6;132,75;781,35
Pg-it-cont-B5-1;PassoGavia;Pga1;1;A;Control;YES;YES;351,49;317,84;669,33
Pg-it-cont-B5-1;PassoGavia;Pga1;1;B;Control;YES;YES;591,39;567,73;1159,12
Pg-it-cont-B5-2;PassoGavia;Pga1;2;A;Control;YES;YES;779,14;277,19;1056,34
Pg-it-cont-B5-2;PassoGavia;Pga1;2;B;Control;YES;YES;741,06;140,3;881,35
Pg-it-cont-P1;PassoGavia;Pga2;1;A;Control;YES;NO;609,74;104,41;714,15
Pg-it-cont-P1;PassoGavia;Pga2;1;B;Control;YES;NO;759,23;29,53;788,75
Pg-it-cont-P2;PassoGavia;Pga2;1;A;Control;YES;NO;149,64;44,7;194,34
Pg-it-cont-P2;PassoGavia;Pga2;1;B;Control;YES;NO;467,36;161,09;628,46
Pg-it-cont-P3;PassoGavia;Pga2;1;A;Control;YES;NO;24,68;82,27;106,95
Pg-it-cont-P3;PassoGavia;Pga2;1;B;Control;YES;NO;149,33;0;149,33
Pg-it-cont-P4;PassoGavia;Pga2;1;A;Control;YES;NO;611,06;177,54;788,59
Pg-it-cont-P4;PassoGavia;Pga2;1;A;Control;YES;NO;852,05;158,52;1010,57
Pg-it-cont-P5;PassoGavia;Pga2;1;A;Control;YES;NO;119,81;25,96;145,77
Pg-it-cont-P5;PassoGavia;Pga2;1;B;Control;YES;NO;32,37;16,18;48,55
Pg-it-cont-S1;PassoGavia;Pga3;1;A;Control;YES;NO;608,25;676,28;1284,52
Pg-it-cont-S1;PassoGavia;Pga3;1;B;Control;YES;NO;648,87;508,68;1157,55
Pg-It-cont-S2;PassoGavia;Pga3;1;A;Control;YES;NO;651,91;1161,93;1813,83
Pg-It-cont-S2;PassoGavia;Pga3;1;B;Control;YES;NO;352,4;475,15;827,55
Pg-It-cont-S3;PassoGavia;Pga3;1;A;Control;YES;NO;273,43;640,5;913,93
Pg-It-cont-S3;PassoGavia;Pga3;1;B;Control;YES;NO;375,27;178,35;553,62
Pg-it-OTC-B1;PassoGavia;Pga1;1;A;OTC;YES;NO;633,71;152,96;786,68
Pg-it-OTC-B1;PassoGavia;Pga1;1;B;OTC;YES;NO;321,41;1252,38;1573,79
Pg-it-OTC-B1-1-1yr;PassoGavia;Pga1;1;A;OTC;YES;NO;1862,53;390,77;2253,3
Pg-it-OTC-B1-1-1yr;PassoGavia;Pga1;1;B;OTC;YES;NO;4940,36;155,19;5095,55
Pg-it-OTC-B1-2-1yr;PassoGavia;Pga1;2;A;OTC;YES;NO;7931,84;1139,55;9071,38
Pg-it-OTC-B1-2-1yr;PassoGavia;Pga1;2;B;OTC;YES;NO;4030,46;570,62;4601,09
Pg-it-OTC-B2;PassoGavia;Pga1;1;A;OTC;YES;NO;1523,12;11,42;1534,54
Pg-it-OTC-B2;PassoGavia;Pga1;1;B;OTC;YES;NO;1688,77;35,1;1723,87
Pg-it-OTC-B2-1-1yr;PassoGavia;Pga1;1;A;OTC;YES;NO;4483,5;566,26;5049,76
Pg-it-OTC-B2-1-1yr;PassoGavia;Pga1;1;B;OTC;YES;NO;3251,88;882,24;4134,12
Pg-it-OTC-B2-2-1yr;PassoGavia;Pga1;2;A;OTC;YES;NO;526,62;212,16;738,78
Pg-it-OTC-B2-2-1yr;PassoGavia;Pga1;2;B;OTC;YES;NO;2523,21;1223,72;3746,93
Pg-it-OTC-B3;PassoGavia;Pga1;1;A;OTC;YES;NO;1927,79;97,14;2024,92
Pg-it-OTC-B3;PassoGavia;Pga1;1;B;OTC;YES;NO;1494,18;140,32;1634,49
Pg-it-OTC-B3-1-1yr;PassoGavia;Pga1;1;A;OTC;YES;NO;6788,47;91,48;6879,94
Pg-it-OTC-B3-1-1yr;PassoGavia;Pga1;1;B;OTC;YES;NO;2345,53;122,64;2468,17
Pg-it-OTC-B3-2-1yr;PassoGavia;Pga1;2;A;OTC;YES;NO;1055,02;634,54;1689,55
Pg-it-OTC-B3-2-1yr;PassoGavia;Pga1;2;B;OTC;YES;NO;1892,17;546,04;2438,2
Pg-it-OTC-B4;PassoGavia;Pga1;1;A;OTC;YES;NO;1064,87;203,58;1268,45
Pg-it-OTC-B4;PassoGavia;Pga1;1;B;OTC;YES;NO;556,22;166,09;722,31
Pg-it-OTC-B4-1-1yr;PassoGavia;Pga1;1;A;OTC;YES;NO;230,87;93,09;323,97
Pg-it-OTC-B4-1-1yr;PassoGavia;Pga1;1;B;OTC;YES;NO;844,88;94,28;939,16
Pg-it-OTC-B4-2-1yr;PassoGavia;Pga1;2;A;OTC;YES;NO;2414,8;120,74;2535,54
Pg-it-OTC-B4-2-1yr;PassoGavia;Pga1;2;B;OTC;YES;NO;1773,14;243;2016,14
Pg-it-OTC-B5;PassoGavia;Pga1;1;A;OTC;YES;NO;1097,49;170,99;1268,47
Pg-it-OTC-B5;PassoGavia;Pga1;1;B;OTC;YES;NO;589,9;70,13;660,03
Pg-it-OTC-B5-1-1yr;PassoGavia;Pga1;1;A;OTC;YES;NO;11069,96;11,32;11081,28
Pg-it-OTC-B5-1-1yr;PassoGavia;Pga1;1;B;OTC;YES;NO;14072,56;14,66;14087,21
Pg-it-OTC-B5-2- 1yr;PassoGavia;Pga1;2;A;OTC;YES;NO;3512,22;242,09;3754,31
Pg-it-OTC-P1;PassoGavia;Pga2;1;A;OTC;YES;NO;465,14;121,82;586,96
Pg-it-OTC-P1;PassoGavia;Pga2;1;B;OTC;YES;NO;451,42;59,92;511,34
Pg-it-OTC-P2;PassoGavia;Pga2;1;A;OTC;YES;NO;315,82;490,85;806,67
Pg-it-OTC-P2;PassoGavia;Pga2;1;B;OTC;YES;NO;442,23;154,78;597,02
Pg-it-OTC-P3;PassoGavia;Pga2;1;A;OTC;YES;NO;47,35;257,35;304,7
Pg-it-OTC-P3;PassoGavia;Pga2;1;B;OTC;YES;NO;163,79;198,59;362,38
Pg-it-OTC-P4;PassoGavia;Pga2;1;A;OTC;YES;NO;15,24;0;15,24
Pg-it-OTC-P4;PassoGavia;Pga2;1;B;OTC;YES;NO;50,82;12,7;63,52
Pg-it-OTC-P5;PassoGavia;Pga2;1;A;OTC;YES;NO;1167,88;1227,87;2395,75
Pg-it-OTC-P5;PassoGavia;Pga2;1;B;OTC;YES;NO;1305,99;1151,89;2457,88
Pg-it-OTC-S1;PassoGavia;Pga3;1;A;OTC;YES;NO;236,87;951,11;1187,97
Pg-it-OTC-S1;PassoGavia;Pga3;1;B;OTC;YES;NO;522,01;683,76;1205,77
Pg-it-OTC-S2;PassoGavia;Pga3;1;A;OTC;YES;NO;1180,51;814,67;1995,18
Pg-it-OTC-S2;PassoGavia;Pga3;1;B;OTC;YES;NO;2544,68;1127,58;3672,26
Pg-it-OTC-S3;PassoGavia;Pga3;1;A;OTC;YES;NO;430,44;377,58;808,02
Pg-it-OTC-S3;PassoGavia;Pga3;1;B;OTC;YES;NO;353,66;376,73;730,39
Pg-it-OTC-S4;PassoGavia;Pga3;1;A;OTC;YES;NO;573,74;819,06;1392,8
Pg-it-OTC-S4;PassoGavia;Pga3;1;B;OTC;YES;NO;1023,58;486,87;1510,45
Pg-it-OTC-S5;PassoGavia;Pga3;1;A;OTC;YES;NO;315,27;501,39;816,66
Pg-it-OTC-S5;PassoGavia;Pga3;1;B;OTC;YES;NO;237,4;432,68;670,09
Ra-sp-cont-1-1;Ratera;Rat1;1;A;Control;YES;NO;2318,03;733,05;3051,08
Ra-sp-cont-1-1;Ratera;Rat1;1;B;Control;YES;NO;1391,06;638,21;2029,26
Ra-sp-cont-2-1;Ratera;Rat1;1;A;Control;YES;NO;1749,91;631,45;2381,36
Ra-sp-cont-2-1;Ratera;Rat1;1;B;Control;YES;NO;1164,5;161,95;1326,45
Ra-sp-cont-2-2;Ratera;Rat1;2;A;Control;YES;NO;1999,17;576,91;2576,08
Ra-sp-cont-2-2;Ratera;Rat1;2;B;Control;YES;NO;1485,17;311,6;1796,77
Ra-sp-cont-3-1;Ratera;Rat1;1;A;Control;YES;NO;768,13;569,13;1337,26
Ra-sp-cont-3-1;Ratera;Rat1;1;B;Control;YES;NO;836,92;403,1;1240,02
Ra-sp-cont-3-2;Ratera;Rat1;2;A;Control;YES;NO;770,84;1442,96;2213,8
Ra-sp-cont-3-2;Ratera;Rat1;2;B;Control;YES;NO;619,52;1295,68;1915,19
Ra-sp-cont-4-1;Ratera;Rat1;1;A;Control;YES;NO;353,02;310,35;663,36
Ra-sp-cont-4-1;Ratera;Rat1;1;B;Control;YES;NO;1008,59;52,45;1061,03
Ra-sp-OTC-1-1;Ratera;Rat1;1;A;OTC;YES;NO;2241,86;1746,75;3988,61
Ra-sp-OTC-1-1;Ratera;Rat1;1;B;OTC;YES;NO;1235,65;872,68;2108,33
Ra-sp-OTC-2-1;Ratera;Rat1;1;A;OTC;YES;NO;680,73;2656,34;3337,08
Ra-sp-OTC-2-1;Ratera;Rat1;1;B;OTC;YES;NO;48,27;1269,76;1318,02
Ra-sp-OTC-2-2;Ratera;Rat1;2;A;OTC;YES;NO;1125,6;1551,9;2677,5
Ra-sp-OTC-2-2;Ratera;Rat1;2;B;OTC;YES;NO;1537,92;1071,66;2609,58
Ra-sp-OTC-3-1;Ratera;Rat1;1;A;OTC;YES;NO;207,7;215,84;423,54
Ra-sp-OTC-3-1;Ratera;Rat1;1;B;OTC;YES;NO;270,15;326,6;596,74
Ra-sp-OTC-4-2;Ratera;Rat1;2;A;OTC;YES;NO;2274,42;341,75;2616,17
Ra-sp-OTC-4-2;Ratera;Rat1;2;B;OTC;YES;NO;2842,86;967,44;3810,3
Sk-no-cont-1-3;Skjelingahaugen;Skj1;1;A;Control;YES;NO;1472,23;395,18;1867,41
Sk-no-cont-1-3;Skjelingahaugen;Skj1;1;B;Control;YES;NO;688,92;185,19;874,11
Sk-no-cont-2-6;Skjelingahaugen;Skj1;1;A;Control;YES;NO;646,93;494,29;1141,22
Sk-no-cont-2-6;Skjelingahaugen;Skj1;1;B;Control;YES;NO;596,17;379,05;975,21
Sk-no-cont-3-6;Skjelingahaugen;Skj1;1;A;Control;YES;NO;1172,45;650,94;1823,4
Sk-no-cont-3-6;Skjelingahaugen;Skj1;1;B;Control;YES;NO;962,43;1005,46;1967,89
Sk-no-cont-6-2;Skjelingahaugen;Skj1;1;A;Control;YES;NO;726,68;1323,74;2050,41
Sk-no-cont-6-2;Skjelingahaugen;Skj1;1;B;Control;YES;NO;242,2;1389,84;1632,04
Sk-no-cont-7-1;Skjelingahaugen;Skj1;1;A;Control;YES;NO;645,7;1012,57;1658,26
Sk-no-cont-7-1;Skjelingahaugen;Skj1;1;B;Control;YES;NO;464,65;587,32;1051,97
Sk-no-OTC-1-4;Skjelingahaugen;Skj1;1;A;OTC;YES;NO;171,52;119,32;290,83
Sk-no-OTC-1-4;Skjelingahaugen;Skj1;1;B;OTC;YES;NO;615,23;727,09;1342,31
Sk-no-OTC-2-1;Skjelingahaugen;Skj1;1;A;OTC;YES;NO;318,57;847,03;1165,6
Sk-no-OTC-2-1;Skjelingahaugen;Skj1;1;B;OTC;YES;NO;890,95;3772,57;4663,52
Sk-no-OTC-3-3;Skjelingahaugen;Skj1;1;A;OTC;YES;NO;1155,57;1148,28;2303,85
Sk-no-OTC-3-3;Skjelingahaugen;Skj1;1;B;OTC;YES;NO;1668,44;2046,81;3715,26
Sk-no-OTC-4-2;Skjelingahaugen;Skj1;1;A;OTC;YES;NO;622,15;825,77;1447,92
Sk-no-OTC-4-2;Skjelingahaugen;Skj1;1;B;OTC;YES;NO;1172,31;326,89;1499,2
Sk-no-OTC-4-5;Skjelingahaugen;Skj1;1;A;OTC;YES;NO;515,37;753,83;1269,21
Sk-no-OTC-4-5;Skjelingahaugen;Skj1;1;B;OTC;YES;NO;1109,47;549,06;1658,52
Sk-no-OTC-6-4;Skjelingahaugen;Skj1;1;A;OTC;YES;NO;239,87;460,7;700,56
Sk-no-OTC-6-4;Skjelingahaugen;Skj1;1;B;OTC;YES;NO;1684,69;579,92;2264,61
Sk-no-OTC-7-5;Skjelingahaugen;Skj1;1;A;OTC;YES;NO;532,43;1026,28;1558,72
Sk-no-OTC-7-5;Skjelingahaugen;Skj1;1;B;OTC;YES;NO;559,14;591,09;1150,22
Sv-no-cont-12;Svalbard;Sva1;1;A;Control;YES;NO;7,57;155,2;162,77
Sv-no-cont-12;Svalbard;Sva1;1;B;Control;YES;NO;0;78,56;78,56
Sv-no-cont-23;Svalbard;Sva1;1;A;Control;YES;NO;11,06;110,63;121,69
Sv-no-cont-23;Svalbard;Sva1;1;B;Control;YES;NO;0;97,5;97,5
Sv-no-cont-28;Svalbard;Sva1;1;A;Control;YES;NO;18,4;73,61;92,02
Sv-no-cont-28;Svalbard;Sva1;1;B;Control;YES;NO;0;79,04;79,04
Sv-no-cont-29;Svalbard;Sva1;1;A;Control;YES;NO;42,86;179,25;222,12
Sv-no-cont-29;Svalbard;Sva1;1;B;Control;YES;NO;0;41,23;41,23
Sv-no-cont-38;Svalbard;Sva1;1;A;Control;YES;NO;40,56;44,25;84,81
Sv-no-cont-38;Svalbard;Sva1;1;B;Control;YES;NO;21,97;65,91;87,87
Sv-no-cont-40;Svalbard;Sva1;1;A;Control;YES;NO;19,58;191,84;211,42
Sv-no-cont-40;Svalbard;Sva1;1;B;Control;YES;NO;23,55;145,25;168,81
Sv-no-cont-46;Svalbard;Sva1;1;A;Control;YES;NO;30,13;34,43;64,56
Sv-no-cont-46;Svalbard;Sva1;1;B;Control;YES;NO;87,85;39,04;126,89
Sv-no-cont-49;Svalbard;Sva1;1;A;Control;YES;NO;11,13;148,38;159,5
Sv-no-cont-49;Svalbard;Sva1;1;B;Control;YES;NO;43,63;198,3;241,92
Sv-no-cont-6;Svalbard;Sva1;1;A;Control;YES;NO;57,13;91,41;148,54
Sv-no-cont-6;Svalbard;Sva1;1;B;Control;YES;NO;7,66;145,54;153,2
Sv-no-cont-8;Svalbard;Sva1;1;A;Control;YES;NO;0;239,88;239,88
Sv-no-cont-8;Svalbard;Sva1;1;B;Control;YES;NO;20,25;356,36;376,61
Sv-no-OTC-1;Svalbard;Sva1;1;A;OTC;YES;NO;53,81;3,84;57,65
Sv-no-OTC-1;Svalbard;Sva1;1;B;OTC;YES;NO;0;48,56;48,56
Sv-no-OTC-12;Svalbard;Sva1;1;A;OTC;YES;NO;19,34;348,05;367,38
Sv-no-OTC-12;Svalbard;Sva1;1;B;OTC;YES;NO;71,3;213,9;285,2
Sv-no-OTC-18;Svalbard;Sva1;1;A;OTC;YES;NO;54,55;105,2;159,75
Sv-no-OTC-18;Svalbard;Sva1;1;B;OTC;YES;NO;3,96;114,9;118,86
Sv-no-OTC-22;Svalbard;Sva1;1;A;OTC;YES;NO;18,75;131,25;150
Sv-no-OTC-22;Svalbard;Sva1;1;B;OTC;YES;NO;0;186,25;186,25
Sv-no-OTC-23;Svalbard;Sva1;1;A;OTC;YES;NO;248,95;126,45;375,4
Sv-no-OTC-23;Svalbard;Sva1;1;B;OTC;YES;NO;44,73;74,54;119,27
Sv-no-OTC-28;Svalbard;Sva1;1;A;OTC;YES;NO;23,04;72,96;96
Sv-no-OTC-28;Svalbard;Sva1;1;B;OTC;YES;NO;0;185,97;185,97
Sv-no-OTC-29;Svalbard;Sva1;1;A;OTC;YES;NO;96,67;479,46;576,12
Sv-no-OTC-29;Svalbard;Sva1;1;B;OTC;YES;NO;0;147,07;147,07
Sv-no-OTC-35;Svalbard;Sva1;1;A;OTC;YES;NO;87,64;91,82;179,46
Sv-no-OTC-35;Svalbard;Sva1;1;B;OTC;YES;NO;89,82;359,28;449,11
Sv-no-OTC-38;Svalbard;Sva1;1;A;OTC;YES;NO;85,18;58,07;143,25
Sv-no-OTC-38;Svalbard;Sva1;1;B;OTC;YES;NO;0;143,98;143,98
Sv-no-OTC-40;Svalbard;Sva1;1;A;OTC;YES;NO;135,58;315,02;450,6
Sv-no-OTC-40;Svalbard;Sva1;1;B;OTC;YES;NO;31,36;76,17;107,53
Sv-no-OTC-46;Svalbard;Sva1;1;A;OTC;YES;NO;0;241,78;241,78
Sv-no-OTC-46;Svalbard;Sva1;1;B;OTC;YES;NO;56,76;344,37;401,14
Sv-no-OTC-49;Svalbard;Sva1;1;A;OTC;YES;NO;28,41;8566,53;8594,94
Sv-no-OTC-49;Svalbard;Sva1;1;B;OTC;YES;NO;0;4462,68;4462,68
Sv-no-OTC-6;Svalbard;Sva1;1;A;OTC;YES;NO;71,85;158,82;230,66
Sv-no-OTC-6;Svalbard;Sva1;1;B;OTC;YES;NO;28,56;338,63;367,19
Sv-no-OTC-8;Svalbard;Sva1;1;A;OTC;YES;NO;0;112,75;112,75
Sv-no-OTC-8;Svalbard;Sva1;1;B;OTC;YES;NO;42,7;52,19;94,89
Ul-no-cont-2-4;Ulvhaugen;Ulv1;1;A;Control;YES;NO;1047,09;3800,98;4848,06
Ul-no-cont-2-4;Ulvhaugen;Ulv1;1;B;Control;YES;NO;246,8;8954,25;9201,05
Ul-no-cont-3-4;Ulvhaugen;Ulv1;1;A;Control;YES;NO;346;583,88;929,88
Ul-no-cont-3-4;Ulvhaugen;Ulv1;1;B;Control;YES;NO;315,69;427,11;742,8
Ul-no-cont-4-5;Ulvhaugen;Ulv1;1;A;Control;YES;NO;580,04;644,49;1224,53
Ul-no-cont-4-5;Ulvhaugen;Ulv1;1;B;Control;YES;NO;1587,01;817,22;2404,23
Ul-no-cont-5-5;Ulvhaugen;Ulv1;1;A;Control;YES;NO;570,13;649,42;1219,55
Ul-no-cont-5-5;Ulvhaugen;Ulv1;1;B;Control;YES;NO;416,53;480;896,53
Ul-no-cont-6-2;Ulvhaugen;Ulv1;1;A;Control;YES;NO;184,85;686,58;871,42
Ul-no-cont-6-2;Ulvhaugen;Ulv1;1;B;Control;YES;NO;88,8;5826,12;5914,92
Ul-no-cont-7-6;Ulvhaugen;Ulv1;1;A;Control;YES;NO;274,35;353,27;627,62
Ul-no-cont-7-6;Ulvhaugen;Ulv1;1;B;Control;YES;NO;1463,99;530,26;1994,25
Ul-no-OTC-1-3;Ulvhaugen;Ulv1;1;A;OTC;YES;NO;1015,99;167,39;1183,38
Ul-no-OTC-1-3;Ulvhaugen;Ulv1;1;B;OTC;YES;NO;291,8;23,98;315,79
Ul-no-OTC-3-2;Ulvhaugen;Ulv1;1;A;OTC;YES;NO;761,45;5847,62;6609,07
Ul-no-OTC-3-2;Ulvhaugen;Ulv1;1;B;OTC;YES;NO;1603,1;4868,12;6471,21
Ul-no-OTC-4-2;Ulvhaugen;Ulv1;1;A;OTC;YES;NO;3929,36;1044,61;4973,97
Ul-no-OTC-4-2;Ulvhaugen;Ulv1;1;B;OTC;YES;NO;6433,33;547,82;6981,16
Ul-no-OTC-5-2;Ulvhaugen;Ulv1;1;A;OTC;YES;NO;1839,6;79,82;1919,42
Ul-no-OTC-5-2;Ulvhaugen;Ulv1;1;B;OTC;YES;NO;557,83;883,24;1441,07
Ul-no-OTC-6-4;Ulvhaugen;Ulv1;1;A;OTC;YES;NO;706,15;1094,72;1800,87
Ul-no-OTC-6-4;Ulvhaugen;Ulv1;1;B;OTC;YES;NO;184,01;1169,02;1353,03
Ul-no-OTC-7-2;Ulvhaugen;Ulv1;1;A;OTC;YES;NO;562,4;427,74;990,14
Ul-no-OTC-7-2;Ulvhaugen;Ulv1;1;B;OTC;YES;NO;120,97;555,69;676,66
Ul-sp-cont-1-1;Ulldeter;Ull1;1;A;Control;YES;NO;24,45;7994,51;8018,96
Ul-sp-cont-1-1;Ulldeter;Ull1;1;B;Control;YES;NO;361,26;381,11;742,37
Ul-sp-cont-1-2;Ulldeter;Ull1;2;A;Control;YES;NO;3160,66;3160,66;3160,66
Ul-sp-cont-1-2;Ulldeter;Ull1;2;B;Control;YES;NO;288,9;4677,89;4966,78
Ul-sp-cont-2-1;Ulldeter;Ull1;1;A;Control;YES;NO;3904,08;761,58;4665,66
Ul-sp-cont-2-1;Ulldeter;Ull1;1;B;Control;YES;NO;1333,59;89,91;1423,5
Ul-sp-cont-2-2;Ulldeter;Ull1;2;A;Control;YES;NO;10575,28;611,38;11186,67
Ul-sp-cont-2-2;Ulldeter;Ull1;2;B;Control;YES;NO;7638,72;410,81;8049,53
Ul-sp-cont-3-1;Ulldeter;Ull1;1;A;Control;YES;NO;444,92;5657,95;6102,87
Ul-sp-cont-3-1;Ulldeter;Ull1;1;B;Control;YES;NO;905,52;2149,26;3054,78
Ul-sp-cont-4-1;Ulldeter;Ull1;1;A;Control;YES;NO;1487,41;322,09;1809,5
Ul-sp-cont-4-1;Ulldeter;Ull1;1;B;Control;YES;NO;1644,39;468,25;2112,64
Ul-sp-cont-4-2;Ulldeter;Ull1;2;A;Control;YES;NO;453,74;382,49;836,24
Ul-sp-cont-4-2;Ulldeter;Ull1;2;B;Control;YES;NO;3567,99;878,9;4446,89
Ul-sp-OTC-1-1;Ulldeter;Ull1;1;A;OTC;YES;NO;761,25;591,19;1352,44
Ul-sp-OTC-1-2;Ulldeter;Ull1;2;A;OTC;YES;NO;637,29;357,78;995,07
Ul-sp-OTC-1-2;Ulldeter;Ull1;2;B;OTC;YES;NO;692;299,74;991,75
Ul-sp-OTC-2-2;Ulldeter;Ull1;2;A;OTC;YES;NO;1346,94;960,52;2307,46
Ul-sp-OTC-2-2;Ulldeter;Ull1;2;B;OTC;YES;NO;1202,74;366,22;1568,96
Ul-sp-OTC-3-1;Ulldeter;Ull1;1;A;OTC;YES;NO;303,23;5753,77;6057
Ul-sp-OTC-3-1;Ulldeter;Ull1;1;B;OTC;YES;NO;238,81;5285,15;5523,96
Ul-sp-OTC-3-2;Ulldeter;Ull1;2;A;OTC;YES;NO;258,37;5475,2;5733,57
Ul-sp-OTC-3-2;Ulldeter;Ull1;2;B;OTC;YES;NO;405,67;1161,34;1567,02
Ul-sp-OTC-4-1;Ulldeter;Ull1;1;A;OTC;YES;NO;471,22;349,73;820,95
Ul-sp-OTC-4-1;Ulldeter;Ull1;1;B;OTC;YES;NO;277,42;353,42;630,84
Vb-ch-cont-1;Valbercla;ValB1;1;A;Control;YES;NO;1421,41;170,12;1591,52
Vb-ch-cont-1;Valbercla;ValB1;1;B;Control;YES;NO;1506,48;22,91;1529,39
Vb-ch-cont-2;Valbercla;ValB1;1;A;Control;YES;NO;311,63;1019,54;1331,18
Vb-ch-cont-2;Valbercla;ValB1;1;B;Control;YES;NO;1314,26;54,6;1368,86
Vb-ch-cont-4;Valbercla;ValB1;1;A;Control;YES;NO;326,72;4128,88;4455,6
Vb-ch-cont-4;Valbercla;ValB1;1;B;Control;YES;NO;342,12;1022,31;1364,43
Vb-ch-cont-6;Valbercla;ValB1;1;A;Control;YES;NO;1280,45;2069,3;3349,75
Vb-ch-cont-6;Valbercla;ValB1;1;B;Control;YES;NO;1016,76;3398,3;4415,05
Vb-ch-cont-8;Valbercla;ValB1;1;A;Control;YES;NO;422,82;194,86;617,68
Vb-ch-cont-8;Valbercla;ValB1;1;B;Control;YES;NO;5695,3;1676,65;7371,95
Vb-ch-OTC-1;Valbercla;ValB1;1;A;OTC;YES;NO;572,91;1690,48;2263,39
Vb-ch-OTC-1;Valbercla;ValB1;1;B;OTC;YES;NO;1186,68;1344,38;2531,06
Vb-ch-OTC-2;Valbercla;ValB1;1;A;OTC;YES;NO;455,26;171,94;627,2
Vb-ch-OTC-2;Valbercla;ValB1;1;B;OTC;YES;NO;1076,73;188,62;1265,36
Vb-ch-OTC-4;Valbercla;ValB1;1;A;OTC;YES;NO;418,51;1322,24;1740,74
Vb-ch-OTC-4;Valbercla;ValB1;1;B;OTC;YES;NO;1111,55;3434,65;4546,21
Vb-ch-OTC-6;Valbercla;ValB1;1;A;OTC;YES;NO;384,21;3473,91;3858,12
Vb-ch-OTC-6;Valbercla;ValB1;1;B;OTC;YES;NO;303,32;2452,19;2755,51
Vb-ch-OTC-8;Valbercla;ValB1;1;A;OTC;YES;NO;443,37;3466,34;3909,71
Vb-ch-OTC-8;Valbercla;ValB1;1;B;OTC;YES;NO;604,81;3152,55;3757,36
Wh-ch-cont-1-2;Davos;Wah1;1;A;Control;YES;NO;148,94;748,61;897,55
Wh-ch-cont-1-2;Davos;Wah1;1;B;Control;YES;NO;1377,46;1046,07;2423,53
Wh-ch-cont-2-4;Davos;Wah1;1;A;Control;YES;NO;164,58;367,43;532,01
Wh-ch-cont-2-4;Davos;Wah1;1;B;Control;YES;NO;275,83;264,65;540,48
Wh-ch-cont-4-4;Davos;Wah1;1;A;Control;YES;NO;254,75;648,1;902,85
Wh-ch-cont-4-4;Davos;Wah1;1;B;Control;YES;NO;79,53;314,33;393,86
Wh-ch-cont-7-2;Davos;Wah1;1;A;Control;YES;NO;494,98;438;932,98
Wh-ch-cont-7-2;Davos;Wah1;1;B;Control;YES;NO;93,74;179,97;273,71
Wh-ch-OTC-1-1;Davos;Wah1;1;A;OTC;YES;NO;1048,49;99,86;1148,35
Wh-ch-OTC-1-1;Davos;Wah1;1;B;OTC;YES;NO;992,51;513,63;1506,14
Wh-ch-OTC-2-2;Davos;Wah1;1;A;OTC;YES;NO;102,71;2640,12;2742,84
Wh-ch-OTC-2-2;Davos;Wah1;1;B;OTC;YES;NO;580,09;1604,92;2185,01
Wh-ch-OTC-2-4;Davos;Wah1;1;A;OTC;YES;NO;194,22;392,17;586,38
Wh-ch-OTC-2-4;Davos;Wah1;1;B;OTC;YES;NO;358,06;96,25;454,31
Wh-ch-OTC-5-4;Davos;Wah1;1;A;OTC;YES;NO;78,89;2879,37;2958,25
Wh-ch-OTC-5-4;Davos;Wah1;1;B;OTC;YES;NO;82,14;2651,81;2733,94
Wh-ch-OTC-7-2;Davos;Wah1;1;A;OTC;YES;NO;345,54;984,05;1329,6
Wh-ch-OTC-7-2;Davos;Wah1;1;B;OTC;YES;NO;172,3;1072,07;1244,37
Wl-ch-1-2 WC;Davos;Wal1;1;A;OTC;YES;NO;1310,39;125,15;1435,54
Wl-ch-1-2 WC;Davos;Wal1;1;B;OTC;YES;NO;1830,03;112,62;1942,65
Wl-ch-3-2-WC;Davos;Wal1;1;A;OTC;YES;NO;743,85;704,13;1447,97
Wl-ch-3-2-WC;Davos;Wal1;1;B;OTC;YES;NO;661,22;484,38;1145,6
Wl-ch-4-3-WC;Davos;Wal1;1;A;OTC;YES;NO;30,1;323,57;353,66
Wl-ch-4-3-WC;Davos;Wal1;1;B;OTC;YES;NO;3003,01;2966,12;5969,13
Wl-ch-6-3WC;Davos;Wal1;1;A;OTC;YES;NO;424,3;614,13;1038,43
Wl-ch-6-3WC;Davos;Wal1;1;B;OTC;YES;NO;733,53;965,17;1698,71
Wl-ch-7-4-WC;Davos;Wal1;1;A;OTC;YES;NO;12946,76;442,26;13389,01
Wl-ch-7-4-WC;Davos;Wal1;1;B;OTC;YES;NO;18199,95;1830,98;20030,93
Wl-ch-cont-1-3;Davos;Wal1;1;A;Control;YES;NO;638,37;619,71;1258,08
Wl-ch-cont-1-3;Davos;Wal1;1;B;Control;YES;NO;427,81;1080,99;1508,8
Wl-ch-cont-3-1;Davos;Wal1;1;A;Control;YES;NO;793,23;253,39;1046,62
Wl-ch-cont-3-1;Davos;Wal1;1;B;Control;YES;NO;1053,11;209,89;1263
Wl-ch-cont-4-4;Davos;Wal1;1;A;Control;YES;NO;6098,95;848,88;6947,83
Wl-ch-cont-4-4;Davos;Wal1;1;B;Control;YES;NO;16996,77;6340;23336,78
Wl-ch-cont-7-2;Davos;Wal1;1;A;Control;YES;NO;403,54;708,91;1112,45
Wl-ch-cont-7-2;Davos;Wal1;1;B;Control;YES;NO;773,92;770,26;1544,18
Yk-lo-T22AFO;Yukon;Yuk1;1;A;Control;YES;NO;11,1;140,59;151,69
Yk-lo-T22AFO;Yukon;Yuk1;1;B;Control;YES;NO;73,98;151,84;225,82
Yk-lo-T22WFO;Yukon;Yuk1;1;A;OTC;YES;NO;338,84;43,34;382,18
Yk-lo-T22WFO;Yukon;Yuk1;1;B;OTC;YES;NO;64,86;106,82;171,68
Yk-lo-T23AFO;Yukon;Yuk1;1;A;Control;YES;NO;171,53;362,11;533,64
Yk-lo-T23AFO;Yukon;Yuk1;1;B;Control;YES;NO;464,25;300,83;765,08
Yk-lo-T23WFO;Yukon;Yuk1;1;A;OTC;YES;NO;218,64;138,09;356,73
Yk-lo-T23WFO;Yukon;Yuk1;1;B;OTC;YES;NO;56,08;224,33;280,42
Yk-lo-T24AFO;Yukon;Yuk1;1;A;Control;YES;NO;78,22;54,76;132,98
Yk-lo-T24AFO;Yukon;Yuk1;1;B;Control;YES;NO;108,92;50,57;159,49
Yk-lo-T24WFO;Yukon;Yuk1;1;A;OTC;YES;NO;89,58;38,95;128,52
Yk-lo-T24WFO;Yukon;Yuk1;1;B;OTC;YES;NO;67,2;74,66;141,86
Yk-lo-T25AFO;Yukon;Yuk1;1;A;Control;YES;NO;96,91;34,89;131,8
Yk-lo-T25AFO;Yukon;Yuk1;1;B;Control;YES;NO;42,26;96,03;138,29
Yk-lo-T25WFO;Yukon;Yuk1;1;A;OTC;YES;NO;56,77;178,41;235,18
Yk-lo-T25WFO;Yukon;Yuk1;1;B;OTC;YES;NO;54,88;125,43;180,31
Yk-lo-T26AFO;Yukon;Yuk1;1;A;Control;YES;NO;317,4;131,6;449
Yk-lo-T26AFO;Yukon;Yuk1;1;B;Control;YES;NO;159,73;159,73;319,45
Yk-lo-T26WFO;Yukon;Yuk1;1;A;OTC;YES;NO;351,1;218,05;569,15
Yk-lo-T26WFO;Yukon;Yuk1;1;B;OTC;YES;NO;451,72;55,54;507,26
Yk-lo-T27AFO;Yukon;Yuk1;1;A;Control;YES;NO;75,71;34,07;109,78
Yk-lo-T27AFO;Yukon;Yuk1;1;B;Control;YES;NO;49,94;119,08;169,01
Yk-lo-T27WFO;Yukon;Yuk1;1;A;OTC;YES;NO;80,31;451,28;531,59
Yk-lo-T27WFO;Yukon;Yuk1;1;B;OTC;YES;NO;69,88;77,24;147,12
Yk-up-T42AFO;Yukon;Yuk2;1;A;Control;YES;NO;48,77;487,71;536,48
Yk-up-T42AFO;Yukon;Yuk2;1;B;Control;YES;NO;66,63;514,57;581,2
Yk-up-T42WFO;Yukon;Yuk2;1;A;OTC;YES;NO;117,06;664,58;781,63
Yk-up-T42WFO;Yukon;Yuk2;1;B;OTC;YES;NO;132,29;518,42;650,71
Yk-up-T43AFO;Yukon;Yuk2;1;A;Control;YES;NO;36,22;1532;1568,21
Yk-up-T43AFO;Yukon;Yuk2;1;B;Control;YES;NO;33,1;720,82;753,92
Yk-up-T43WFO;Yukon;Yuk2;1;A;OTC;YES;NO;166,88;298,83;465,7
Yk-up-T43WFO;Yukon;Yuk2;1;B;OTC;YES;NO;102,39;492,97;595,35
Yk-up-T44AFO;Yukon;Yuk2;1;A;Control;YES;NO;126,6;137,46;264,06
Yk-up-T44AFO;Yukon;Yuk2;1;B;Control;YES;NO;345,54;439,44;784,98
Yk-up-T44WFO;Yukon;Yuk2;1;A;OTC;YES;NO;0;632,14;632,14
Yk-up-T44WFO;Yukon;Yuk2;1;B;OTC;YES;NO;7,06;603,89;610,95
Yk-up-T45AFO;Yukon;Yuk2;1;A;Control;YES;NO;146,32;300,35;446,68
Yk-up-T45AFO;Yukon;Yuk2;1;B;Control;YES;NO;155,57;408,38;563,95
Yk-up-T45WFO;Yukon;Yuk2;1;A;OTC;YES;NO;54,66;116,62;171,28
Yk-up-T45WFO;Yukon;Yuk2;1;B;OTC;YES;NO;190,43;247,92;438,36
Yk-up-T46AFO;Yukon;Yuk2;1;A;Control;YES;NO;124,3;337,93;462,23
Yk-up-T46AFO;Yukon;Yuk2;1;B;Control;YES;NO;52,84;547,29;600,13
Yk-up-T46WFO;Yukon;Yuk2;1;A;OTC;YES;NO;176,83;195,64;372,47
Yk-up-T46WFO;Yukon;Yuk2;1;B;OTC;YES;NO;103,86;263,35;367,21
Yk-up-T47AFO;Yukon;Yuk2;1;A;Control;YES;NO;38,33;333,49;371,82
Yk-up-T47AFO;Yukon;Yuk2;1;B;Control;YES;NO;343,7;158,02;501,73
Yk-up-T47WFO;Yukon;Yuk2;1;A;OTC;YES;NO;80,05;869,14;949,2
Yk-up-T47WFO;Yukon;Yuk2;1;B;OTC;YES;NO;68,88;741,45;810,33
