Label;Shrub;Deciduous_shrub;Evergreen_shrub;Forb;Forb_nonNfix;Forb_Nfix;Graminoid;Grass;Sedge;Rush;Bryophyte;Lichen;Bare_Rock_Litter
15-ch-cont-12-2;0;NA;NA;0.85;NA;NA;0.15;0.15;0;0;0;0;0
15-ch-cont-21-1;0;NA;NA;0.8;NA;NA;0.2;0.2;0;0;0;0;0
15-ch-cont-21-2;0;NA;NA;0.4;NA;NA;0.6;0.6;0;0;0;0;0
15-ch-cont-7-1;0;NA;NA;0.98;NA;NA;0.02;0.02;0;0;0;0;0
15-ch-OTC-12-1;0;NA;NA;0.65;NA;NA;0.35;0.35;0;0;0;0;0
15-ch-OTC-12-2;0;NA;NA;0.85;NA;NA;0.14;0.14;0;0;0;0;0.01
15-ch-OTC-21-2;0;NA;NA;0.6;NA;NA;0.4;0.4;0;0;0;0;0
15-ch-OTC-7-1;0;NA;NA;0.8;NA;NA;0.2;0.2;0;0;0;0;0
15-ch-OTC-7-2;0;NA;NA;0.4;NA;NA;0.6;0.6;0;0;0;0;0
20-ch-cont-15-1;0;NA;NA;0.184782609;NA;NA;0.815217391;0.815217391;0;0;0;0;0
20-ch-cont-15-2;0;NA;NA;0.45;NA;NA;0.4;0.4;0;0;0;0;0.15
20-ch-cont-20-1;0;NA;NA;0.3;NA;NA;0.65;0.65;0;0;0;0;0.05
20-ch-cont-20-2;0.00098912;NA;NA;0.524233432;NA;NA;0.445103858;0.445103858;0;0;0;0;0.029673591
20-ch-cont-6-2;0;NA;NA;0.33;NA;NA;0.65;0.65;0;0;0;0;0.02
20-ch-OTC-15-1;0;NA;NA;0.35;NA;NA;0.45;0.45;0;0;0;0;0.2
20-ch-OTC-15-2;0;NA;NA;0.5;NA;NA;0.5;0.5;0;0;0;0;0
20-ch-OTC-20-1;0.000999001;NA;NA;0.34965035;NA;NA;0.599400599;0.599400599;0;0;0;0;0.04995005
20-ch-OTC-20-2;0;NA;NA;0.652631579;NA;NA;0.347368421;0.347368421;0;0;0;0;0
20-ch-OTC-6-1;0;NA;NA;0.58;NA;NA;0.32;0.32;0;0;0;0;0.1
20-ch-OTC-6-2;0;NA;NA;0.6;NA;NA;0.3;0.3;0;0;0;0;0.1
25-ch-cont-14-1;0.116504854;NA;NA;0.097087379;NA;NA;0.339805825;0.339805825;0;0;0.213592233;0.165048544;0.067961165
25-ch-cont-14-2;0.05;NA;NA;0.2;NA;NA;0.28;0.28;0;0;0.02;0.27;0.18
25-ch-cont-19-1;0.077669903;NA;NA;0.077669903;NA;NA;0.631067961;0.631067961;0;0;0.097087379;0.019417476;0.097087379
25-ch-cont-19-2;0.08;NA;NA;0.15;NA;NA;0.25;0.25;0;0;0.02;0.2;0.3
25-ch-cont-6-1;0;NA;NA;0.148514851;NA;NA;0.594059406;0.594059406;0;0;0.069306931;0.03960396;0.148514851
25-ch-cont-6-2;0;NA;NA;0.18;NA;NA;0.7;0.7;0;0;0.05;0;0.07
25-ch-OTC-14-1;0.04950495;NA;NA;0.267326733;NA;NA;0.267326733;0.267326733;0;0;0.01980198;0.346534653;0.04950495
25-ch-OTC-14-2;0.24;NA;NA;0.2;NA;NA;0.4;0.4;0;0;0.01;0.12;0.03
25-ch-OTC-19-1;0.00101833;NA;NA;0.101832994;NA;NA;0.885947047;0.885947047;0;0;0.00101833;0.010183299;0
25-ch-OTC-6-1;0.004950495;NA;NA;0.495049505;NA;NA;0.198019802;0.198019802;0;0;0.247524752;0.004950495;0.04950495
25-ch-OTC-6-2;0;NA;NA;0.3;NA;NA;0.4;0.4;0;0;0.25;0.02;0.03
Ad-ad-cont-1-1;0.38961039;0.357142857;0;0.019480519;0.019480519;0;0.064935065;0.064935065;0;0;0.25974026;0.006493506;0.25974026
Ad-ad-cont-2-2;0.564516129;0.564516129;0;0.024193548;0.024193548;0;0.080645161;0.080645161;0;0;0.201612903;0.008064516;0.120967742
Ad-ad-cont-3-1;0.481927711;0.481927711;0;0.060240964;0.060240964;0;0.060240964;0.060240964;0;0;0.301204819;0.006024096;0.090361446
Ad-ad-cont-3-2;0.441176471;0.441176471;0;0.022058824;0.022058824;0;0.073529412;0.073529412;0;0.022058824;0.294117647;0.022058824;0.147058824
Ad-ad-cont-4-1;0.555555556;0.555555556;0;0.037037037;0.037037037;0;0.111111111;0.074074074;0;0.074074074;0.148148148;0;0.148148148
Ad-ad-OTC-1-1;0.17699115;0.17699115;0;0.044247788;0.044247788;0;0.07079646;0.044247788;0;0.026548673;0.17699115;0.132743363;0.398230088
Ad-ad-OTC-1-2;0.12;0.12;0;0.04;0.04;0;0.04;0.024;0;0.024;0.48;0.08;0.24
Ad-ad-OTC-2-1;0.27972028;0.27972028;0;0.020979021;0.020979021;0;0.13986014;0.13986014;0;0;0.27972028;0.13986014;0.13986014
Ad-ad-OTC-3-1;0.189873418;0.189873418;0;0.03164557;0.03164557;0;0.050632911;0.050632911;0;0.006329114;0.379746835;0.158227848;0.189873418
Ad-ad-OTC-3-2;0.12605042;0.12605042;0;0.067226891;0.067226891;0;0.067226891;0.042016807;0;0.025210084;0.25210084;0.067226891;0.420168067
Ad-ad-OTC-4-1;0.756302521;0.756302521;0;0.025210084;0.025210084;0;0.12605042;0.12605042;0;0.008403361;0;0.008403361;0.084033613
Ad-ad-OTC-4-2;0.197368421;0.197368421;0;0.013157895;0.013157895;0;0.065789474;0.039473684;0;0.039473684;0.131578947;0.263157895;0.328947368
Aw-us-cont-1;0.378378378;0.378378378;0;0;0;0;0.513513514;0.027027027;0.513513514;0;0.108108108;0;0
Aw-us-cont-13;0.090909091;0.090909091;0;0;0;0;0.818181818;0;0.818181818;0;0.090909091;0;0
Aw-us-cont-17;0.066666667;0.066666667;0;0;0;0;0.533333333;0;0.533333333;0;0.4;0;0
Aw-us-cont-9;0.1;0.1;0;0;0;0;0.8;0;0.8;0;0.1;0;0
Aw-us-OTC-1;0.076923077;0.076923077;0;0;0;0;0.730769231;0.038461538;0.730769231;0;0.192307692;0;0
Aw-us-OTC-15;0;0;0;0;0;0;1;0.0625;1;0;0;0;0
Aw-us-OTC-5;0.086956522;0.086956522;0;0;0;0;0.826086957;0;0.826086957;0;0.086956522;0;0
Aw-us-OTC-9;0.05;0.05;0;0;0;0;0.8;0;0.8;0;0.15;0;0
Fi-no-cont-10D;0.511363636;0;0.511363636;0.056818182;NA;NA;0.204545455;0.034090909;0.170454545;0;0.068181818;0.136363636;0.022727273
Fi-no-cont-1A;0.223880597;0;0.223880597;0.179104478;NA;NA;0.23880597;0.089552239;0.149253731;0;0.179104478;0.149253731;0.029850746
Fi-no-cont-2A;0.778325123;0.039408867;0.738916256;0.068965517;NA;NA;0.034482759;0.004926108;0.02955665;0;0.019704433;0.088669951;0.009852217
Fi-no-cont-3D;0.782608696;0.009661836;0.77294686;0.057971014;NA;NA;0.101449275;0.004830918;0.096618357;0;0.028985507;0.019323671;0.009661836
Fi-no-cont-5D;0.164835165;0;0.164835165;0.395604396;NA;NA;0.164835165;0.032967033;0.131868132;0;0.131868132;0.10989011;0.032967033
Fi-no-cont-6A;0.860103627;0.031088083;0.829015544;0.041450777;NA;NA;0.051813472;0.010362694;0.041450777;0;0.005181347;0.010362694;0.031088083
Fi-no-OTC-10C;0.606060606;0;0.606060606;0.252525253;NA;NA;0.131313131;0.121212121;0.01010101;0;0;0.01010101;0
Fi-no-OTC-2D;0.698924731;0;0.698924731;0.064516129;NA;NA;0.150537634;0.129032258;0.021505376;0;0.010752688;0.032258065;0.043010753
Fi-no-OTC-3A;0.630434783;0;0.630434783;0.097826087;NA;NA;0.222826087;0.005434783;0.217391304;0;0.005434783;0.010869565;0.032608696
Fi-no-OTC-4B;0.226804124;0.206185567;0.020618557;0.309278351;NA;NA;0.309278351;0;0.309278351;0;0.020618557;0.082474227;0.051546392
Fi-no-OTC-5B;0.078431373;0;0.078431373;0.784313725;NA;NA;0.049019608;0;0.049019608;0;0.039215686;0.049019608;0
Fn-pa-no-cont-1P;0.639534884;0.046511628;0.593023256;0;0;0;0;0;0;0;0.348837209;0.011627907;0
Fn-pa-no-cont-3P;0.795454545;0.015151515;0.78030303;0;0;0;0;0;0;0;0.037878788;0.015151515;0.151515152
Fn-pa-no-cont-4P;0.705479452;0.397260274;0.308219178;0;0;0;0;0;0;0;0.171232877;0.054794521;0.068493151
Fn-pa-no-cont-BP;0.884615385;0;0.884615385;0;0;0;0;0;0;0;0.067307692;0.048076923;0
Fn-pa-no-OTC-3P;0.821428571;0.142857143;0.678571429;0;0;0;0;0;0;0;0;0;0.178571429
Fn-pa-no-OTC-4P;0.927927928;0.081081081;0.846846847;0;0;0;0;0;0;0;0.045045045;0.027027027;0
Fn-pa-no-OTC-BP;0.922330097;0.165048544;0.757281553;0;0;0;0;0;0;0;0;0.077669903;0
Fn-th-no-cont-3M;0.411764706;0.347058824;0.064705882;0;0;0;0;0;0;0;0.529411765;0.058823529;0
Fn-th-no-cont-4M;0.409836066;0.18852459;0.221311475;0;0;0;0;0;0;0;0.491803279;0.098360656;0
Fn-th-no-cont-BM;0.497206704;0.351955307;0.145251397;0;0;0;0;0;0;0;0.502793296;0;0
Fn-th-no-OTC-3M;0.403726708;0.279503106;0.124223602;0;0;0;0.01863354;0;0.01863354;0;0.559006211;0.01863354;0
Fn-th-no-OTC-4M;0.503067485;0.165644172;0.337423313;0;0;0;0;0;0;0;0.398773006;0.098159509;0
Fn-th-no-OTC-BM;0.394160584;0.218978102;0.175182482;0;0;0;0;0;0;0;0.583941606;0.02189781;0
Ki-fi-cont-1;0.265957447;0.159574468;0.106382979;0;NA;NA;0.042553191;NA;NA;NA;0.638297872;0.053191489;0
Ki-fi-cont-2;0.6;0.1;0.5;0;NA;NA;0.05;NA;NA;NA;0.25;0.1;0
Ki-fi-cont-3;0.660714286;0.125;0.535714286;0.017857143;NA;NA;0.017857143;NA;NA;NA;0.267857143;0.035714286;0
Ki-fi-cont-4;0.212598425;0.157480315;0.05511811;0;NA;NA;0;NA;NA;NA;0.763779528;0.023622047;0
Ki-fi-cont-5;0.474683544;0.253164557;0.221518987;0;NA;NA;0.006329114;NA;NA;NA;0.474683544;0.044303797;0
Ki-fi-OTC-1;0.704225352;0.281690141;0.422535211;0;NA;NA;0.211267606;NA;NA;NA;0.070422535;0.014084507;0
Ki-fi-OTC-2;0.693430657;0.547445255;0.145985401;0;NA;NA;0.00729927;NA;NA;NA;0.291970803;0.00729927;0
Ki-fi-OTC-3;0.945454545;0.818181818;0.127272727;0;NA;NA;0;NA;NA;NA;0.036363636;0.018181818;0
Ki-fi-OTC-4;0.882352941;0.147058824;0.735294118;0;NA;NA;0.058823529;NA;NA;NA;0.014705882;0.044117647;0
Ki-fi-OTC-5;0.714285714;0.634920635;0.079365079;0;NA;NA;0.111111111;NA;NA;NA;0.158730159;0.015873016;0
Ko-gl-cont-2;0.571428571;0.142857143;0.457142857;0;NA;NA;0;0;0;0;0.285714286;0.142857143;0
Ko-gl-cont-3;0.787401575;0.31496063;0.708661417;0;NA;NA;0;0;0;0;0.196850394;0.015748031;0
Ko-gl-cont-4;0.862068966;0.517241379;0.646551724;0;NA;NA;0.00862069;0;0.00862069;0;0.129310345;0;0
Ko-gl-cont-5;0.952380952;0.19047619;0.904761905;0;NA;NA;0.047619048;0.00952381;0.047619048;0;0;0;0
Ko-gl-cont-6;0.64516129;0.161290323;0.580645161;0;NA;NA;0.032258065;0.006451613;0.025806452;0;0.322580645;0;0
Ko-gl-OTC-2;0.757575758;0.568181818;0.606060606;0;NA;NA;0;0;0;0;0.227272727;0.015151515;0
Ko-gl-OTC-3;0.826086957;0.652173913;0.434782609;0;NA;NA;0;0;0;0;0.130434783;0.043478261;0
Ko-gl-OTC-4;0.751879699;0.714285714;0.563909774;0.007518797;NA;NA;0.015037594;0;0.015037594;0;0.22556391;0;0
Ko-gl-OTC-5;0.491803279;0.163934426;0.409836066;0.008196721;NA;NA;0.008196721;0;0.008196721;0;0.409836066;0.081967213;0
Nr-us-18-XXW;0;0;0;0.35;0.35;0;0.4;0.4;0;0;0;0;0.25
Nr-us-21-XXW;0;0;0;0.631578947;0.526315789;0.105263158;0.157894737;0.157894737;0;0;0;0;0.210526316
Nr-us-22-XXX;0;0;0;0.55;0.45;0.1;0.4;0.4;0;0;0;0;0.05
Nr-us-24-XXX;0;0;0;0.55;0.55;0;0.37;0.37;0;0;0;0;0.08
Nr-us-33-XXX;0;0;0;0.636363636;0.409090909;0.227272727;0.318181818;0.318181818;0;0;0;0;0.045454545
Nr-us-38-XXW;0;0;0;0.3;0.25;0.05;0.5;0.5;0;0;0.15;0;0.05
Nr-us-6-XXX;0;0;0;0.690909091;0.654545455;0.036363636;0.281818182;0.281818182;0;0;0;0;0.027272727
Pc-fr-cont-1-1;0;0;0;0.576923077;0.576923077;0;0.423076923;0.423076923;0;0;0;0;0
Pc-fr-cont-3-1;NA;NA;NA;NA;NA;NA;NA;NA;NA;NA;NA;NA;0
Pc-fr-cont-3-2;0.642857143;0.642857143;0;0.107142857;0.107142857;0;0.214285714;0.214285714;0.035714286;0;0;0;0.035714286
Pc-fr-cont-4-1;0.445859873;0.445859873;0;0.191082803;0.191082803;0;0.350318471;0.350318471;0;0;0;0;0.012738854
Pc-fr-cont-4-2;0.863636364;0.863636364;0;0.027272727;0.027272727;0;0.090909091;0.090909091;0;0;0;0;0.018181818
Pc-fr-OTC-1-1;0.019230769;0.019230769;0;0.913461538;0.913461538;0;0.048076923;0.048076923;0;0;0;0;0.019230769
Pc-fr-OTC-3-1;NA;NA;NA;NA;NA;NA;NA;NA;NA;NA;NA;NA;0
Pc-fr-OTC-2-1;0.142857143;0.142857143;0;0.285714286;0.285714286;0;0.476190476;0.142857143;0.380952381;0;0.095238095;0;0
Pc-fr-OTC-3-2;0.526315789;0.526315789;0;0.105263158;0.105263158;0;0.210526316;0.210526316;0;0;0;0;0.157894737
Pc-fr-OTC-4-1;0.405405405;0.405405405;0;0.054054054;0.054054054;0;0.540540541;0.540540541;0;0;0;0;0
Pc-fr-OTC-4-2;0.366666667;0.366666667;0;0.166666667;0.066666667;0.1;0.466666667;0.466666667;0.033333333;0;0;0;0
Pg-it-cont-B1;0;0;0;0.283018868;0.283018868;0;0.377358491;0.141509434;0.235849057;0;0;0.188679245;0.150943396
Pg-it-cont-B2-1;0;0;0;0.163043478;0.163043478;0;0.489130435;0.326086957;0.163043478;0;0;0.163043478;0.184782609
Pg-it-cont-B2-2;0;0;0;0.393258427;0.393258427;0;0.179775281;0.011235955;0.168539326;0;0;0.337078652;0.08988764
Pg-it-cont-B3;NA;NA;NA;NA;NA;NA;NA;NA;NA;NA;NA;NA;0
Pg-it-cont-B4-1;0;0;0;0.303030303;0.303030303;0;0.404040404;0.151515152;0.252525253;0;0;0.02020202;0.272727273
Pg-it-cont-B4-2;0;0;0;0.35;0.35;0;0.3;0.1;0.2;0;0;0.1;0.25
Pg-it-cont-B5-1;0;0;0;0.196850394;0.196850394;0;0.393700787;0.157480315;0.236220472;0;0.31496063;0.039370079;0.05511811
Pg-it-cont-B5-2;0;0;0;0.142857143;0.142857143;0;0.476190476;0.142857143;0.333333333;0;0.19047619;0.142857143;0.047619048
Pg-it-cont-P1;0.026086957;0.026086957;0;0.130434783;0.130434783;0;0.060869565;0.017391304;0.043478261;0;0.782608696;0;0
Pg-it-cont-P2;0.32;0.32;0;0.12;0.12;0;0;0;0;0;0.56;0;0
Pg-it-cont-P3;0.236220472;0.236220472;0;0.039370079;0.039370079;0;0.007874016;0.007874016;0;0;0.708661417;0.007874016;0
Pg-it-cont-P4;0.009345794;0.009345794;0;0.093457944;0.093457944;0;0.009345794;0.009345794;0;0;0.887850467;0;0
Pg-it-cont-P5;0.158730159;0.158730159;0;0.079365079;0.079365079;0;0.007936508;0.007936508;0;0;0.753968254;0;0
Pg-it-cont-S1;0.6;0.6;0;0.2;0.2;0;0;0;0;0;0.1;0.06;0.04
Pg-it-cont-S2;0.265486726;0.265486726;0;0.088495575;0.088495575;0;0.17699115;0.17699115;0;0;0.008849558;0.017699115;0.442477876
Pg-it-cont-S3;0.4;0.4;0;0.15;0.15;0;0.2;0.2;0;0;0.15;0;0.1
Pg-it-cont-S4;0.212765957;0.212765957;0;0.159574468;0.159574468;0;0.031914894;0.031914894;0;0;0.042553191;0.021276596;0.531914894
Pg-it-cont-S5;0.564516129;0.564516129;0;0.048387097;0.048387097;0;0.048387097;0.048387097;0;0;0.241935484;0.016129032;0.080645161
Pg-it-OTC-B1;0;0;0;0.218978102;0.218978102;0;0.109489051;0;0.109489051;0;0;0.656934307;0.01459854
Pg-it-OTC-B1-1-1yr;0;0;0;0.512820513;0.512820513;0;0.230769231;0.017094017;0.213675214;0;0;0.128205128;0.128205128
Pg-it-OTC-B1-2-1yr;0;0;0;0.48245614;0.48245614;0;0.315789474;0.00877193;0.307017544;0;0;0.026315789;0.175438596
Pg-it-OTC-B2;0;0;0;0.460526316;0.460526316;0;0.171052632;0.039473684;0.131578947;0;0;0.039473684;0.328947368
Pg-it-OTC-B2-1-1yr;0;0;0;0.365853659;0.365853659;0;0.243902439;0;0.243902439;0;0;0.304878049;0.085365854
Pg-it-OTC-B2-2-1yr;0;0;0;0.625;0.625;0;0.208333333;0;0.208333333;0;0;0.010416667;0.15625
Pg-it-OTC-B3;0;0;0;0.416666667;0.416666667;0;0.324074074;0.138888889;0.185185185;0;0;0.092592593;0.166666667
Pg-it-OTC-B3-1-1yr;0;0;0;0.142857143;0.142857143;0;0.535714286;0.178571429;0.357142857;0;0.142857143;0.071428571;0.107142857
Pg-it-OTC-B3-2-1yr;0;0;0;0.119047619;0.119047619;0;0.714285714;0.198412698;0.515873016;0;0.03968254;0.007936508;0.119047619
Pg-it-OTC-B4;0;0;0;0.181818182;0.181818182;0;0.5;0.136363636;0.363636364;0;0;0.090909091;0.227272727
Pg-it-OTC-B4-1-1yr;0;0;0;0.099009901;0.099009901;0;0.594059406;0.247524752;0.346534653;0;0;0.099009901;0.207920792
Pg-it-OTC-B4-2-1yr;0;0;0;0.294117647;0.294117647;0;0.411764706;0.176470588;0.235294118;0;0;0.058823529;0.235294118
Pg-it-OTC-B5;0;0;0;0.511363636;0.511363636;0;0.340909091;0.056818182;0.284090909;0;0.011363636;0;0.136363636
Pg-it-OTC-B5-1-1yr;0;0;0;0.22556391;0.22556391;0;0.488721805;0.22556391;0.263157895;0;0.037593985;0.15037594;0.097744361
Pg-it-OTC-B5-2- 1yr;0;0;0;0.1953125;0.1953125;0;0.4296875;0.1171875;0.3125;0;0.0234375;0.2734375;0.078125
Pg-it-OTC-P1;0.25210084;0.25210084;0;0.193277311;0.193277311;0;0.109243697;0.025210084;0.084033613;0;0.420168067;0.016806723;0.008403361
Pg-it-OTC-P2;0.115384615;0.115384615;0;0.153846154;0.153846154;0;0.192307692;0.192307692;0;0;0.5;0;0.038461538
Pg-it-OTC-P3;0.217391304;0.217391304;0;0.27173913;0.27173913;0;0.076086957;0.076086957;0;0;0.163043478;0;0.27173913
Pg-it-OTC-P4;0.024390244;0.024390244;0;0.081300813;0.081300813;0;0.081300813;0.081300813;0;0;0.650406504;0;0.162601626
Pg-it-OTC-P5;0.431034483;0.431034483;0;0.129310345;0.129310345;0;0.00862069;0.00862069;0;0;0.431034483;0;0
Pg-it-OTC-S1;0.35;0.35;0;0.1;0.1;0;0.03;0.03;0;0;0.02;0.05;0.45
Pg-it-OTC-S2;0.208333333;0.208333333;0;0.025;0.025;0;0.25;0.25;0;0;0.125;0.016666667;0.375
Pg-it-OTC-S3;0.02173913;0.02173913;0;0.036231884;0.036231884;0;0.289855072;0.289855072;0;0;0.036231884;0.108695652;0.507246377
Pg-it-OTC-S4;0.12295082;0.12295082;0;0.204918033;0.204918033;0;0.12295082;0.12295082;0;0;0.245901639;0.057377049;0.245901639
Pg-it-OTC-S5;0.388888889;0.388888889;0;0.111111111;0.111111111;0;0.277777778;0.111111111;0.166666667;0;0.222222222;0;0
Ra-sp-cont-1-1;0.208333333;0.208333333;0;0.125;0.125;0;0.166666667;0.166666667;0.016666667;0;0.125;0;0.375
Ra-sp-cont-2-1;0.267857143;0.267857143;0;0.133928571;0.133928571;0;0.267857143;0.178571429;0.089285714;0;0.017857143;0;0.3125
Ra-sp-cont-2-2;0.236220472;0.236220472;0;0.236220472;0.236220472;0;0.31496063;0.275590551;0.078740157;0;0.015748031;0;0.196850394
Ra-sp-cont-3-1;0.173913043;0.173913043;0;0.173913043;0.173913043;0.008695652;0.260869565;0.260869565;0;0;0.260869565;0;0.130434783
Ra-sp-cont-3-2;0.1;0.1;0;0.1;0.1;0.006666667;0.333333333;0.333333333;0.033333333;0;0.4;0;0.066666667
Ra-sp-cont-4-1;0.092592593;0.092592593;0;0.185185185;0.185185185;0;0.648148148;0.648148148;0;0;0.018518519;0;0.055555556
Ra-sp-OTC-1-1;0.260869565;0.260869565;0;0.043478261;0.043478261;0;0.47826087;0.434782609;0.043478261;0;0.043478261;0;0.173913043
Ra-sp-OTC-2-1;0.427350427;0.427350427;0;0.085470085;0.085470085;0.008547009;0.213675214;0.213675214;0.042735043;0;0.017094017;0;0.256410256
Ra-sp-OTC-2-2;0.166666667;0.166666667;0;0.166666667;0.166666667;0;0.5;0.5;0;0;0;0;0.166666667
Ra-sp-OTC-3-1;0.161290323;0.161290323;0;0.201612903;0.201612903;0;0.443548387;0.403225806;0.040322581;0;0.016129032;0;0.177419355
Ra-sp-OTC-4-2;0.162601626;0.162601626;0;0.162601626;0.162601626;0;0.406504065;0.406504065;0.016260163;0;0.081300813;0;0.18699187
Sk-no-cont-1-3;0;NA;NA;0.248366013;NA;NA;0.209150327;NA;NA;NA;0.522875817;0;0.019607843
Sk-no-cont-2-6;0.082191781;NA;NA;0.184931507;NA;NA;0.164383562;NA;NA;NA;0.561643836;0;0.006849315
Sk-no-cont-3-6;0.041420118;NA;NA;0.201183432;NA;NA;0.224852071;NA;NA;NA;0.520710059;0;0.01183432
Sk-no-cont-4-5;0.220238095;NA;NA;0.136904762;NA;NA;0.267857143;NA;NA;NA;0.357142857;0.005952381;0.011904762
Sk-no-cont-6-2;0.056338028;NA;NA;0.246478873;NA;NA;0.274647887;NA;NA;NA;0.408450704;0;0.014084507
Sk-no-cont-7-1;0.061728395;NA;NA;0.25308642;NA;NA;0.216049383;NA;NA;NA;0.456790123;0.00617284;0.00617284
Sk-no-OTC-1-4;0.006493506;NA;NA;0.214285714;NA;NA;0.25974026;NA;NA;NA;0.487012987;0;0.032467532
Sk-no-OTC-2-1;0.036144578;NA;NA;0.180722892;NA;NA;0.301204819;NA;NA;NA;0.469879518;0;0.012048193
Sk-no-OTC-3-3;0;NA;NA;0.222891566;NA;NA;0.289156627;NA;NA;NA;0.457831325;0.024096386;0.006024096
Sk-no-OTC-4-2;0.00621118;NA;NA;0.223602484;NA;NA;0.391304348;NA;NA;NA;0.347826087;0.00621118;0.02484472
Sk-no-OTC-6-4;0.105769231;NA;NA;0.355769231;NA;NA;0.269230769;NA;NA;NA;0.25;0;0.019230769
Sk-no-OTC-7-5;0.215189873;NA;NA;0.183544304;NA;NA;0.341772152;NA;NA;NA;0.253164557;0;0.006329114
Sv-no-cont-12;0.381294964;0.071942446;0.309352518;0.230215827;NA;NA;0.043165468;0;0.007194245;0.035971223;0.251798561;0.071942446;0.021582734
Sv-no-cont-23;0.152380952;0.114285714;0.038095238;0.380952381;NA;NA;0.038095238;0;0.00952381;0.028571429;0.19047619;0.047619048;0.19047619
Sv-no-cont-28;0.40776699;0.019417476;0.388349515;0.058252427;NA;NA;0;0;0;0;0.388349515;0.048543689;0.097087379
Sv-no-cont-29;0.115384615;0.115384615;0;0.461538462;NA;NA;0.038461538;0;0;0.038461538;0.144230769;0.048076923;0.192307692
Sv-no-cont-38;0.253623188;0.253623188;0;0.152173913;NA;NA;0.028985507;0;0.007246377;0.02173913;0.471014493;0.036231884;0.057971014
Sv-no-cont-40;0.223880597;0.223880597;0;0.186567164;NA;NA;0.014925373;0;0;0.014925373;0.52238806;0.037313433;0.014925373
Sv-no-cont-46;0.016806723;0.016806723;0;0.352941176;NA;NA;0;0;0;0;0.378151261;0.084033613;0.168067227
Sv-no-cont-49;0.149122807;0.149122807;0;0.210526316;NA;NA;0.061403509;0;0.043859649;0.01754386;0.438596491;0.070175439;0.070175439
Sv-no-cont-6;0.254545455;0.027272727;0.227272727;0.090909091;NA;NA;0.018181818;0;0.018181818;0;0.272727273;0.136363636;0.227272727
Sv-no-cont-8;0.069306931;0.069306931;0;0.287128713;NA;NA;0;0;0;0;0.247524752;0.04950495;0.346534653
Sv-no-OTC-1;0.080808081;0.080808081;0;0.292929293;NA;NA;0;0;0;0;0.454545455;0.101010101;0.070707071
Sv-no-OTC-12;0.403669725;0.201834862;0.201834862;0.100917431;NA;NA;0.128440367;0;0.091743119;0.036697248;0.229357798;0.091743119;0.04587156
Sv-no-OTC-18;0.304761905;0.285714286;0.019047619;0.257142857;NA;NA;0.028571429;0;0.019047619;0.00952381;0.285714286;0.057142857;0.066666667
Sv-no-OTC-22;0.350877193;0.350877193;0;0.228070175;NA;NA;0.00877193;0;0;0.00877193;0.307017544;0.043859649;0.061403509
Sv-no-OTC-23;0.152542373;0.152542373;0;0.330508475;NA;NA;0.025423729;0;0.025423729;0;0.338983051;0.084745763;0.06779661
Sv-no-OTC-28;0.06185567;0.06185567;0;0.24742268;NA;NA;0.020618557;0;0.010309278;0.010309278;0.515463918;0.051546392;0.103092784
Sv-no-OTC-29;0.403225806;0.403225806;0;0.306451613;NA;NA;0.024193548;0;0;0.024193548;0.161290323;0.080645161;0.024193548
Sv-no-OTC-35;0.081967213;0.081967213;0;0.229508197;NA;NA;0.032786885;0;0;0.032786885;0.532786885;0.081967213;0.040983607
Sv-no-OTC-38;0.129310345;0.129310345;0;0.336206897;NA;NA;0.017241379;0;0.00862069;0.00862069;0.25862069;0.086206897;0.172413793
Sv-no-OTC-40;0.236220472;0.236220472;0;0.354330709;NA;NA;0.070866142;0;0.007874016;0.062992126;0.275590551;0.039370079;0.023622047
Sv-no-OTC-46;0.056603774;0.056603774;0;0.29245283;NA;NA;0.037735849;0;0.037735849;0;0.377358491;0.047169811;0.188679245
Sv-no-OTC-49;0.304761905;0.142857143;0.161904762;0.104761905;NA;NA;0.019047619;0;0.00952381;0.00952381;0.285714286;0.142857143;0.142857143
Sv-no-OTC-6;0.272727273;0.090909091;0.181818182;0.081818182;NA;NA;0.009090909;0;0.009090909;0;0.181818182;0.181818182;0.272727273
Sv-no-OTC-8;0.23364486;0.23364486;0;0.14953271;NA;NA;0.009345794;0;0.009345794;0;0.280373832;0.23364486;0.093457944
Ul-no-cont-2-4;0.062893082;NA;NA;0.220125786;NA;NA;0.389937107;NA;NA;NA;0.314465409;0;0.012578616
Ul-no-cont-3-4;0.167938931;NA;NA;0.27480916;NA;NA;0.251908397;NA;NA;NA;0.290076336;0.007633588;0.007633588
Ul-no-cont-4-5;0;NA;NA;0.555555556;NA;NA;0.290598291;NA;NA;NA;0.136752137;0;0.017094017
Ul-no-cont-5-5;0.147928994;NA;NA;0.071005917;NA;NA;0.355029586;NA;NA;NA;0.414201183;0.01183432;0
Ul-no-cont-6-2;0.156028369;NA;NA;0.134751773;NA;NA;0.283687943;NA;NA;NA;0.425531915;0;0
Ul-no-cont-7-6;0.233576642;NA;NA;0.218978102;NA;NA;0.423357664;NA;NA;NA;0.109489051;0;0.01459854
Ul-no-OTC-1-3;0.102040816;NA;NA;0.442176871;NA;NA;0.204081633;NA;NA;NA;0.238095238;0.013605442;0
Ul-no-OTC-3-2;0.192;NA;NA;0.32;NA;NA;0.256;NA;NA;NA;0.216;0;0.016
Ul-no-OTC-4-2;0.096;NA;NA;0.56;NA;NA;0.288;NA;NA;NA;0.024;0;0.032
Ul-no-OTC-5-2;0.14893617;NA;NA;0.191489362;NA;NA;0.411347518;NA;NA;NA;0.19858156;0.021276596;0.028368794
Ul-no-OTC-6-4;0.079365079;NA;NA;0.238095238;NA;NA;0.515873016;NA;NA;NA;0.158730159;0;0.007936508
Ul-no-OTC-7-2;0.060606061;NA;NA;0.272727273;NA;NA;0.242424242;NA;NA;NA;0.424242424;0;0
Ul-sp-cont-1-1;0.285714286;0.285714286;0;0.380952381;0.023809524;0.357142857;0.142857143;0.166666667;0.023809524;0;0.142857143;0;0.047619048
Ul-sp-cont-1-2;0.333333333;0.333333333;0;0.238095238;0.095238095;0.142857143;0.285714286;0.285714286;0;0;0.119047619;0;0.023809524
Ul-sp-cont-2-1;0.44198895;0.414364641;0.027624309;0.220994475;0.027624309;0.193370166;0.331491713;0.331491713;0;0;0.005524862;0;0
Ul-sp-cont-2-2;0.142857143;0.142857143;0;0.357142857;0.035714286;0.357142857;0.5;0.5;0.035714286;0;0;0;0
Ul-sp-cont-3-1;0.371428571;0.371428571;0;0.457142857;0.028571429;0.457142857;0.142857143;0.142857143;0.028571429;0;0;0;0.028571429
Ul-sp-cont-4-1;0.338983051;0.338983051;0;0.480225989;0.084745763;0.423728814;0.169491525;0.141242938;0.028248588;0;0;0;0.011299435
Ul-sp-cont-4-2;0.118110236;0.118110236;0;0.393700787;0.039370079;0.393700787;0.472440945;0.472440945;0;0;0;0;0.015748031
Ul-sp-OTC-1-1;0.133333333;0.133333333;0;0.5;0.066666667;0.433333333;0.333333333;0.333333333;0;0;0;0;0.033333333
Ul-sp-OTC-1-2;0.5;0.5;0;0.235294118;0.117647059;0.117647059;0.117647059;0.117647059;0;0;0.058823529;0;0.088235294
Ul-sp-OTC-2-2;0.107142857;0.107142857;0;0.214285714;0.035714286;0.214285714;0.642857143;0.642857143;0;0;0;0;0.035714286
Ul-sp-OTC-3-1;0.08;0.08;0;0.52;0.04;0.52;0.4;0.36;0.04;0;0;0;0
Ul-sp-OTC-3-2;0.266666667;0.266666667;0;0.533333333;0.066666667;0.466666667;0.2;0.2;0.013333333;0;0;0;0
Ul-sp-OTC-4-1;0.041666667;0.041666667;0;0.708333333;0.041666667;0.708333333;0.25;0.083333333;0.166666667;0;0;0;0
Vb-ch-cont-1;0.019398642;NA;NA;0.174587779;NA;NA;0.067895247;0.067895247;0;0;0.038797284;0.000969932;0.698351115
Vb-ch-cont-2;0.3996004;NA;NA;0.1998002;NA;NA;0.03996004;0.03996004;0;0;0.1998002;0.000999001;0.15984016
Vb-ch-cont-4;0.009852217;NA;NA;0.413793103;NA;NA;0.02955665;0.02955665;0;0;0.049261084;0.004926108;0.492610837
Vb-ch-cont-6;0.009756098;NA;NA;0.585365854;NA;NA;0.009756098;0.009756098;0;0;0.097560976;0.004878049;0.292682927
Vb-ch-cont-8;0.531400966;NA;NA;0.241545894;NA;NA;0.096618357;0.096618357;0;0;0.009661836;0.004830918;0.115942029
Vb-ch-OTC-1;0.440744368;NA;NA;0.538687561;NA;NA;0.009794319;0.009794319;0;0;0.009794319;0.000979432;0
Vb-ch-OTC-2;0.029126214;NA;NA;0.582524272;NA;NA;0.097087379;0.097087379;0;0;0.145631068;0.048543689;0.097087379
Vb-ch-OTC-4;0;NA;NA;0.339805825;NA;NA;0.242718447;0.242718447;0;0;0.116504854;0.009708738;0.291262136
Vb-ch-OTC-6;0.36453202;NA;NA;0.443349754;NA;NA;0.098522167;0.098522167;0;0;0.019704433;0.004926108;0.068965517
Vb-ch-OTC-8;0;NA;NA;0.878243513;NA;NA;0.000998004;0.000998004;0;0;0.01996008;0.000998004;0.099800399
Wh-ch-cont-1-2;0.31;NA;NA;0.01;NA;NA;0.25;0.25;0;0;0.05;0.08;0.3
Wh-ch-cont-2-4;0.3;NA;NA;0;NA;NA;0.3;0.3;0;0;0;0.15;0.25
Wh-ch-cont-4-4;0.91;NA;NA;0;NA;NA;0.02;0.02;0;0;0;0.05;0.02
Wh-ch-cont-7-2;0.849150849;NA;NA;0.000999001;NA;NA;0.07992008;0.07992008;0;0;0;0.02997003;0.03996004
Wh-ch-OTC-1-1;0.75;NA;NA;0.03;NA;NA;0.05;0.05;0;0;0;0.02;0.15
Wh-ch-OTC-2-2;0.72;NA;NA;0.01;NA;NA;0.02;0.02;0;0;0.05;0.15;0.05
Wh-ch-OTC-4-2;0.74;NA;NA;0.03;NA;NA;0.03;0.03;0;0;0;0.15;0.05
Wh-ch-OTC-5-4;0.92;NA;NA;0.04;NA;NA;0.04;0.04;0;0;0;0;0
Wh-ch-OTC-7-4;0.447761194;NA;NA;0.004975124;NA;NA;0.029850746;0.029850746;0;0;0;0.31840796;0.199004975
Wl-ch-1-2 WC;0.15;NA;NA;0.2;NA;NA;0.6;0.6;0;0;0;0;0.05
Wl-ch-3-2-WC;0.77;NA;NA;0;NA;NA;0.13;0.13;0;0;0.07;0;0.03
Wl-ch-4-3-WC;0.85;NA;NA;0;NA;NA;0.1;0.1;0;0;0;0;0.05
Wl-ch-6-3WC;0.55;NA;NA;0;NA;NA;0.35;0.35;0;0;0.05;0;0.05
Wl-ch-7-4-WC;0.86;NA;NA;0.03;NA;NA;0.04;0.04;0;0;0.02;0;0.05
Wl-ch-cont-1-3;0.4;NA;NA;0.02;NA;NA;0.1;0.1;0;0;0.43;0;0.05
Wl-ch-cont-3-1;0.55;NA;NA;0.1;NA;NA;0.2;0.2;0;0;0;0;0.15
Wl-ch-cont-4-4;0.65;NA;NA;0;NA;NA;0.2;0.2;0;0;0.05;0;0.1
Wl-ch-cont-7-2;0.65;NA;NA;0;NA;NA;0.05;0.05;0;0;0.3;0;0
Yk-lo-T22AFO;0.288461538;0.269230769;0.019230769;0.019230769;NA;NA;0.653846154;NA;NA;NA;0.038461538;0;0
Yk-lo-T22WFO;0.28;0.24;0.04;0.08;NA;NA;0.64;NA;NA;NA;0;0;0
Yk-lo-T23AFO;0.291666667;0.25;0.041666667;0.041666667;NA;NA;0.666666667;NA;NA;NA;0;0;0
Yk-lo-T23WFO;0.219512195;0.195121951;0.024390244;0.048780488;NA;NA;0.731707317;NA;NA;NA;0;0;0
Yk-lo-T24AFO;0.19047619;0.142857143;0.047619048;0.047619048;NA;NA;0.619047619;NA;NA;NA;0.142857143;0;0
Yk-lo-T24WFO;0.260869565;0.217391304;0.043478261;0.043478261;NA;NA;0.391304348;NA;NA;NA;0.304347826;0;0
Yk-lo-T25AFO;0.08;0.08;0;0.04;NA;NA;0.64;NA;NA;NA;0.24;0;0
Yk-lo-T25WFO;0.5;0.444444444;0.055555556;0;NA;NA;0.5;NA;NA;NA;0;0;0
Yk-lo-T26AFO;0.272727273;0.242424242;0.03030303;0.121212121;NA;NA;0.484848485;NA;NA;NA;0.121212121;0;0
Yk-lo-T26WFO;0.380952381;0.238095238;0.142857143;0.095238095;NA;NA;0.476190476;NA;NA;NA;0.047619048;0;0
Yk-lo-T27AFO;0.37037037;0.148148148;0.222222222;0.037037037;NA;NA;0.592592593;NA;NA;NA;0;0;0
Yk-lo-T27WFO;0.52173913;0.304347826;0.217391304;0.043478261;NA;NA;0.434782609;NA;NA;NA;0;0;0
Yk-up-T42AFO;0.195121951;0;0.195121951;0.292682927;NA;NA;0.024390244;NA;NA;NA;0.195121951;0.292682927;0
Yk-up-T42WFO;0.264150943;0.150943396;0.113207547;0.150943396;NA;NA;0.018867925;NA;NA;NA;0.264150943;0.301886792;0
Yk-up-T43AFO;0.25;0.083333333;0.166666667;0.041666667;NA;NA;0.041666667;NA;NA;NA;0;0.666666667;0
Yk-up-T43WFO;0.184210526;0.026315789;0.157894737;0.026315789;NA;NA;0.526315789;NA;NA;NA;0.210526316;0.052631579;0
Yk-up-T44AFO;0.358974359;0.205128205;0.153846154;0.051282051;NA;NA;0.461538462;NA;NA;NA;0.102564103;0.025641026;0
Yk-up-T44WFO;0.408163265;0.326530612;0.081632653;0.020408163;NA;NA;0.040816327;NA;NA;NA;0;0.530612245;0
Yk-up-T45AFO;0.254545455;0.109090909;0.145454545;0.363636364;NA;NA;0;NA;NA;NA;0.018181818;0.363636364;0
Yk-up-T45WFO;0.368421053;0.263157895;0.105263158;0.263157895;NA;NA;0;NA;NA;NA;0.105263158;0.263157895;0
Yk-up-T46AFO;0.482758621;0.275862069;0.206896552;0.172413793;NA;NA;0.034482759;NA;NA;NA;0.068965517;0.24137931;0
Yk-up-T46WFO;0.426229508;0.196721311;0.229508197;0.196721311;NA;NA;0.016393443;NA;NA;NA;0;0.360655738;0
Yk-up-T47AFO;0.588235294;0.392156863;0.196078431;0.235294118;NA;NA;0;NA;NA;NA;0.156862745;0.019607843;0
Yk-up-T47WFO;0.461538462;0.230769231;0.230769231;0.153846154;NA;NA;0;NA;NA;NA;0.115384615;0.269230769;0
